2017,AGIB00,I,2017/AGIB00/04101,,2017/AGIB00/38101,,2017/AGIB00/00000,2017/AGIB00/I/04101/38101/0000/00000,Sí,132.05
2017,AGIB00,I,2017/AGIB00/11201,,2017/AGIB00/33001,,2017/AGIB00/00000,2017/AGIB00/I/11201/33001/0000/00000,Sí,348053.18
2017,AGIB00,I,2017/AGIB00/11201,,2017/AGIB00/33099,,2017/AGIB00/00000,2017/AGIB00/I/11201/33099/0000/00000,Sí,3367.1
2017,AGIB00,I,2017/AGIB00/11201,,2017/AGIB00/38000,,2017/AGIB00/00000,2017/AGIB00/I/11201/38000/0000/00000,Sí,-19710.06
2017,AGIB00,I,2017/AGIB00/11201,,2017/AGIB00/38101,,2017/AGIB00/00000,2017/AGIB00/I/11201/38101/0000/00000,Sí,7390.93
2017,AGIB00,I,2017/AGIB00/11201,,2017/AGIB00/87002,,2017/AGIB00/00000,2017/AGIB00/I/11201/87002/0000/00000,Sí,
2017,AGIB00,I,2017/AGIB00/11601,,2017/AGIB00/32999,,2017/AGIB00/00000,2017/AGIB00/I/11601/32999/0000/00000,Sí,61151.11
2017,AGIB00,I,2017/AGIB00/11601,,2017/AGIB00/39905,,2017/AGIB00/00000,2017/AGIB00/I/11601/39905/0000/00000,Sí,100283.94
2017,AGIB00,I,2017/AGIB00/11701,,2017/AGIB00/30901,,2017/AGIB00/00000,2017/AGIB00/I/11701/30901/0000/00000,Sí,38285.87
2017,AGIB00,I,2017/AGIB00/12101,,2017/AGIB00/30315,,2017/AGIB00/00000,2017/AGIB00/I/12101/30315/0000/00000,Sí,90.12
2017,AGIB00,I,2017/AGIB00/12101,,2017/AGIB00/30902,,2017/AGIB00/00000,2017/AGIB00/I/12101/30902/0000/00000,Sí,1980421.76
2017,AGIB00,I,2017/AGIB00/12101,,2017/AGIB00/38000,,2017/AGIB00/00000,2017/AGIB00/I/12101/38000/0000/00000,Sí,98259.75
2017,AGIB00,I,2017/AGIB00/12101,,2017/AGIB00/38100,,2017/AGIB00/00000,2017/AGIB00/I/12101/38100/0000/00000,Sí,16.27
2017,AGIB00,I,2017/AGIB00/12101,,2017/AGIB00/38101,,2017/AGIB00/00000,2017/AGIB00/I/12101/38101/0000/00000,Sí,4977.61
2017,AGIB00,I,2017/AGIB00/12101,,2017/AGIB00/39102,,2017/AGIB00/00000,2017/AGIB00/I/12101/39102/0000/00000,Sí,939114.42
2017,AGIB00,I,2017/AGIB00/12201,,2017/AGIB00/39101,,2017/AGIB00/00000,2017/AGIB00/I/12201/39101/0000/00000,Sí,36439.89
2017,AGIB00,I,2017/AGIB00/12201,,2017/AGIB00/49200,,2017/AGIB00/00000,2017/AGIB00/I/12201/49200/0000/00000,Sí,1400
2017,AGIB00,I,2017/AGIB00/12201,,2017/AGIB00/68000,,2017/AGIB00/00000,2017/AGIB00/I/12201/68000/0000/00000,Sí,5337227.41
2017,AGIB00,I,2017/AGIB00/12201,,2017/AGIB00/68000,,2017/AGIB00/31201,2017/AGIB00/I/12201/68000/0000/31201,Sí,6530724.97
2017,AGIB00,I,2017/AGIB00/12201,,2017/AGIB00/70000,,2017/AGIB00/31201,2017/AGIB00/I/12201/70000/0000/31201,Sí,-7831990.25
2017,AGIB00,I,2017/AGIB00/12201,,2017/AGIB00/74300,,2017/AGIB00/00000,2017/AGIB00/I/12201/74300/0000/00000,Sí,175000
2017,AGIB00,I,2017/AGIB00/12201,,2017/AGIB00/87001,,2017/AGIB00/31201,2017/AGIB00/I/12201/87001/0000/31201,Sí,
2017,AGIB00,I,2017/AGIB00/12501,,2017/AGIB00/87001,,2017/AGIB00/31201,2017/AGIB00/I/12501/87001/0000/31201,Sí,
2017,AGIB00,I,2017/AGIB00/12601,,2017/AGIB00/30101,,2017/AGIB00/00000,2017/AGIB00/I/12601/30101/0000/00000,Sí,27.58
2017,AGIB00,I,2017/AGIB00/12601,,2017/AGIB00/68000,,2017/AGIB00/00000,2017/AGIB00/I/12601/68000/0000/00000,Sí,5368441.64
2017,AGIB00,I,2017/AGIB00/13101,,2017/AGIB00/38000,,2017/AGIB00/00000,2017/AGIB00/I/13101/38000/0000/00000,Sí,71955.5
2017,AGIB00,I,2017/AGIB00/13101,,2017/AGIB00/38100,,2017/AGIB00/00000,2017/AGIB00/I/13101/38100/0000/00000,Sí,117955.29
2017,AGIB00,I,2017/AGIB00/13101,,2017/AGIB00/38101,,2017/AGIB00/00000,2017/AGIB00/I/13101/38101/0000/00000,Sí,6210.55
2017,AGIB00,I,2017/AGIB00/13101,,2017/AGIB00/55900,,2017/AGIB00/00000,2017/AGIB00/I/13101/55900/0000/00000,Sí,83958.14
2017,AGIB00,I,2017/AGIB00/13101,,2017/AGIB00/87002,,2017/AGIB00/00000,2017/AGIB00/I/13101/87002/0000/00000,Sí,
2017,AGIB00,I,2017/AGIB00/13501,,2017/AGIB00/30301,,2017/AGIB00/00000,2017/AGIB00/I/13501/30301/0000/00000,Sí,390907.36
2017,AGIB00,I,2017/AGIB00/13501,,2017/AGIB00/30302,,2017/AGIB00/00000,2017/AGIB00/I/13501/30302/0000/00000,Sí,1427750.7
2017,AGIB00,I,2017/AGIB00/13501,,2017/AGIB00/30305,,2017/AGIB00/00000,2017/AGIB00/I/13501/30305/0000/00000,Sí,422303.82
2017,AGIB00,I,2017/AGIB00/13501,,2017/AGIB00/30317,,2017/AGIB00/00000,2017/AGIB00/I/13501/30317/0000/00000,Sí,46225.66
2017,AGIB00,I,2017/AGIB00/13501,,2017/AGIB00/39999,,2017/AGIB00/00000,2017/AGIB00/I/13501/39999/0000/00000,Sí,4025.84
2017,AGIB00,I,2017/AGIB00/13501,,2017/AGIB00/40000,,2017/AGIB00/13265,2017/AGIB00/I/13501/40000/0000/13265,Sí,-37251.45
2017,AGIB00,I,2017/AGIB00/13501,,2017/AGIB00/40000,,2017/AGIB00/17069,2017/AGIB00/I/13501/40000/0000/17069,Sí,34840.31
2017,AGIB00,I,2017/AGIB00/13601,,2017/AGIB00/40000,,2017/AGIB00/17043,2017/AGIB00/I/13601/40000/0000/17043,Sí,429962
2017,AGIB00,I,2017/AGIB00/13601,,2017/AGIB00/40000,,2017/AGIB00/17066,2017/AGIB00/I/13601/40000/0000/17066,Sí,653623
2017,AGIB00,I,2017/AGIB00/13601,,2017/AGIB00/40000,,2017/AGIB00/17068,2017/AGIB00/I/13601/40000/0000/17068,Sí,46243
2017,AGIB00,I,2017/AGIB00/13601,,2017/AGIB00/40000,,2017/AGIB00/17070,2017/AGIB00/I/13601/40000/0000/17070,Sí,46243
2017,AGIB00,I,2017/AGIB00/13701,,2017/AGIB00/30306,,2017/AGIB00/00000,2017/AGIB00/I/13701/30306/0000/00000,Sí,98596.38
2017,AGIB00,I,2017/AGIB00/13701,,2017/AGIB00/40000,,2017/AGIB00/15060,2017/AGIB00/I/13701/40000/0000/15060,Sí,4441713.44
2017,AGIB00,I,2017/AGIB00/13701,,2017/AGIB00/49000,,2017/AGIB00/15060,2017/AGIB00/I/13701/49000/0000/15060,Sí,
2017,AGIB00,I,2017/AGIB00/13801,,2017/AGIB00/30303,,2017/AGIB00/00000,2017/AGIB00/I/13801/30303/0000/00000,Sí,189369.86
2017,AGIB00,I,2017/AGIB00/13901,,2017/AGIB00/30318,,2017/AGIB00/00000,2017/AGIB00/I/13901/30318/0000/00000,Sí,40301.13
2017,AGIB00,I,2017/AGIB00/13901,,2017/AGIB00/30320,,2017/AGIB00/00000,2017/AGIB00/I/13901/30320/0000/00000,Sí,44707.51
2017,AGIB00,I,2017/AGIB00/13901,,2017/AGIB00/40000,,2017/AGIB00/13242,2017/AGIB00/I/13901/40000/0000/13242,Sí,-105629.76
2017,AGIB00,I,2017/AGIB00/13901,,2017/AGIB00/40000,,2017/AGIB00/13261,2017/AGIB00/I/13901/40000/0000/13261,Sí,-167537.03
2017,AGIB00,I,2017/AGIB00/13901,,2017/AGIB00/40000,,2017/AGIB00/17044,2017/AGIB00/I/13901/40000/0000/17044,Sí,232675.54
2017,AGIB00,I,2017/AGIB00/13901,,2017/AGIB00/40000,,2017/AGIB00/17063,2017/AGIB00/I/13901/40000/0000/17063,Sí,215800
2017,AGIB00,I,2017/AGIB00/13901,,2017/AGIB00/40000,,2017/AGIB00/17067,2017/AGIB00/I/13901/40000/0000/17067,Sí,23062.46
2017,AGIB00,I,2017/AGIB00/13901,,2017/AGIB00/49200,,2017/AGIB00/15040,2017/AGIB00/I/13901/49200/0000/15040,Sí,
2017,AGIB00,I,2017/AGIB00/13901,,2017/AGIB00/49200,,2017/AGIB00/17074,2017/AGIB00/I/13901/49200/0000/17074,Sí,183185.6
2017,AGIB00,I,2017/AGIB00/13901,,2017/AGIB00/87001,,2017/AGIB00/16059,2017/AGIB00/I/13901/87001/0000/16059,Sí,
2017,AGIB00,I,2017/AGIB00/14101,,2017/AGIB00/38000,,2017/AGIB00/00000,2017/AGIB00/I/14101/38000/0000/00000,Sí,703255.31
2017,AGIB00,I,2017/AGIB00/14101,,2017/AGIB00/38100,,2017/AGIB00/00000,2017/AGIB00/I/14101/38100/0000/00000,Sí,59155.89
2017,AGIB00,I,2017/AGIB00/14101,,2017/AGIB00/38101,,2017/AGIB00/00000,2017/AGIB00/I/14101/38101/0000/00000,Sí,7834.8
2017,AGIB00,I,2017/AGIB00/14101,,2017/AGIB00/54002,,2017/AGIB00/00000,2017/AGIB00/I/14101/54002/0000/00000,Sí,
2017,AGIB00,I,2017/AGIB00/14101,,2017/AGIB00/55000,,2017/AGIB00/00000,2017/AGIB00/I/14101/55000/0000/00000,Sí,8928.22
2017,AGIB00,I,2017/AGIB00/14101,,2017/AGIB00/87002,,2017/AGIB00/00000,2017/AGIB00/I/14101/87002/0000/00000,Sí,
2017,AGIB00,I,2017/AGIB00/14301,,2017/AGIB00/30979,,2017/AGIB00/00000,2017/AGIB00/I/14301/30979/0000/00000,Sí,22432.64
2017,AGIB00,I,2017/AGIB00/14301,,2017/AGIB00/39102,,2017/AGIB00/00000,2017/AGIB00/I/14301/39102/0000/00000,Sí,
2017,AGIB00,I,2017/AGIB00/14601,,2017/AGIB00/54002,,2017/AGIB00/00000,2017/AGIB00/I/14601/54002/0000/00000,Sí,1917674.04
2017,AGIB00,I,2017/AGIB00/14601,,2017/AGIB00/54900,,2017/AGIB00/00000,2017/AGIB00/I/14601/54900/0000/00000,Sí,7631.47
2017,AGIB00,I,2017/AGIB00/14601,,2017/AGIB00/60000,,2017/AGIB00/00000,2017/AGIB00/I/14601/60000/0000/00000,Sí,1620559.74
2017,AGIB00,I,2017/AGIB00/14601,,2017/AGIB00/61900,,2017/AGIB00/00000,2017/AGIB00/I/14601/61900/0000/00000,Sí,4479537.93
2017,AGIB00,I,2017/AGIB00/15101,,2017/AGIB00/30904,,2017/AGIB00/00000,2017/AGIB00/I/15101/30904/0000/00000,Sí,317.77
2017,AGIB00,I,2017/AGIB00/15101,,2017/AGIB00/30905,,2017/AGIB00/00000,2017/AGIB00/I/15101/30905/0000/00000,Sí,21.06
2017,AGIB00,I,2017/AGIB00/15101,,2017/AGIB00/30908,,2017/AGIB00/00000,2017/AGIB00/I/15101/30908/0000/00000,Sí,51840.42
2017,AGIB00,I,2017/AGIB00/15101,,2017/AGIB00/30999,,2017/AGIB00/00000,2017/AGIB00/I/15101/30999/0000/00000,Sí,320.45
2017,AGIB00,I,2017/AGIB00/15101,,2017/AGIB00/38000,,2017/AGIB00/00000,2017/AGIB00/I/15101/38000/0000/00000,Sí,1190187.57
2017,AGIB00,I,2017/AGIB00/15101,,2017/AGIB00/38100,,2017/AGIB00/00000,2017/AGIB00/I/15101/38100/0000/00000,Sí,658.49
2017,AGIB00,I,2017/AGIB00/15101,,2017/AGIB00/38101,,2017/AGIB00/00000,2017/AGIB00/I/15101/38101/0000/00000,Sí,2945.73
2017,AGIB00,I,2017/AGIB00/15101,,2017/AGIB00/39102,,2017/AGIB00/00000,2017/AGIB00/I/15101/39102/0000/00000,Sí,
2017,AGIB00,I,2017/AGIB00/15101,,2017/AGIB00/39999,,2017/AGIB00/00000,2017/AGIB00/I/15101/39999/0000/00000,Sí,1005.5
2017,AGIB00,I,2017/AGIB00/15201,,2017/AGIB00/30911,,2017/AGIB00/00000,2017/AGIB00/I/15201/30911/0000/00000,Sí,169650.61
2017,AGIB00,I,2017/AGIB00/15201,,2017/AGIB00/30912,,2017/AGIB00/00000,2017/AGIB00/I/15201/30912/0000/00000,Sí,33974.5
2017,AGIB00,I,2017/AGIB00/15201,,2017/AGIB00/30913,,2017/AGIB00/00000,2017/AGIB00/I/15201/30913/0000/00000,Sí,35749.17
2017,AGIB00,I,2017/AGIB00/15201,,2017/AGIB00/30914,,2017/AGIB00/00000,2017/AGIB00/I/15201/30914/0000/00000,Sí,3358.18
2017,AGIB00,I,2017/AGIB00/15201,,2017/AGIB00/30916,,2017/AGIB00/00000,2017/AGIB00/I/15201/30916/0000/00000,Sí,1918.96
2017,AGIB00,I,2017/AGIB00/15201,,2017/AGIB00/30917,,2017/AGIB00/00000,2017/AGIB00/I/15201/30917/0000/00000,Sí,34689.4
2017,AGIB00,I,2017/AGIB00/15201,,2017/AGIB00/30919,,2017/AGIB00/00000,2017/AGIB00/I/15201/30919/0000/00000,Sí,
2017,AGIB00,I,2017/AGIB00/15201,,2017/AGIB00/30921,,2017/AGIB00/00000,2017/AGIB00/I/15201/30921/0000/00000,Sí,1487.52
2017,AGIB00,I,2017/AGIB00/15201,,2017/AGIB00/30922,,2017/AGIB00/00000,2017/AGIB00/I/15201/30922/0000/00000,Sí,0.02
2017,AGIB00,I,2017/AGIB00/15201,,2017/AGIB00/30927,,2017/AGIB00/00000,2017/AGIB00/I/15201/30927/0000/00000,Sí,181.56
2017,AGIB00,I,2017/AGIB00/15201,,2017/AGIB00/30999,,2017/AGIB00/00000,2017/AGIB00/I/15201/30999/0000/00000,Sí,164.53
2017,AGIB00,I,2017/AGIB00/15201,,2017/AGIB00/39102,,2017/AGIB00/00000,2017/AGIB00/I/15201/39102/0000/00000,Sí,322907.98
2017,AGIB00,I,2017/AGIB00/15301,,2017/AGIB00/30928,,2017/AGIB00/00000,2017/AGIB00/I/15301/30928/0000/00000,Sí,63336.94
2017,AGIB00,I,2017/AGIB00/15301,,2017/AGIB00/30993,,2017/AGIB00/00000,2017/AGIB00/I/15301/30993/0000/00000,Sí,
2017,AGIB00,I,2017/AGIB00/15301,,2017/AGIB00/30999,,2017/AGIB00/00000,2017/AGIB00/I/15301/30999/0000/00000,Sí,18517.08
2017,AGIB00,I,2017/AGIB00/15301,,2017/AGIB00/39102,,2017/AGIB00/00000,2017/AGIB00/I/15301/39102/0000/00000,Sí,93002.9
2017,AGIB00,I,2017/AGIB00/15301,,2017/AGIB00/55900,,2017/AGIB00/00000,2017/AGIB00/I/15301/55900/0000/00000,Sí,
2017,AGIB00,I,2017/AGIB00/15301,,2017/AGIB00/70100,,2017/AGIB00/17054,2017/AGIB00/I/15301/70100/0000/17054,Sí,147481.3
2017,AGIB00,I,2017/AGIB00/15501,,2017/AGIB00/30968,,2017/AGIB00/00000,2017/AGIB00/I/15501/30968/0000/00000,Sí,
2017,AGIB00,I,2017/AGIB00/15501,,2017/AGIB00/30969,,2017/AGIB00/00000,2017/AGIB00/I/15501/30969/0000/00000,Sí,56121.61
2017,AGIB00,I,2017/AGIB00/15501,,2017/AGIB00/30970,,2017/AGIB00/00000,2017/AGIB00/I/15501/30970/0000/00000,Sí,
2017,AGIB00,I,2017/AGIB00/15501,,2017/AGIB00/39102,,2017/AGIB00/00000,2017/AGIB00/I/15501/39102/0000/00000,Sí,245386.55
2017,AGIB00,I,2017/AGIB00/15501,,2017/AGIB00/70000,,2017/AGIB00/16010,2017/AGIB00/I/15501/70000/0000/16010,Sí,9642.45
2017,AGIB00,I,2017/AGIB00/15501,,2017/AGIB00/70000,,2017/AGIB00/16011,2017/AGIB00/I/15501/70000/0000/16011,Sí,206700
2017,AGIB00,I,2017/AGIB00/15501,,2017/AGIB00/70000,,2017/AGIB00/16014,2017/AGIB00/I/15501/70000/0000/16014,Sí,22123
2017,AGIB00,I,2017/AGIB00/15501,,2017/AGIB00/70000,,2017/AGIB00/16016,2017/AGIB00/I/15501/70000/0000/16016,Sí,41885
2017,AGIB00,I,2017/AGIB00/15501,,2017/AGIB00/70000,,2017/AGIB00/16017,2017/AGIB00/I/15501/70000/0000/16017,Sí,71534.97
2017,AGIB00,I,2017/AGIB00/15501,,2017/AGIB00/70000,,2017/AGIB00/16050,2017/AGIB00/I/15501/70000/0000/16050,Sí,22062.63
2017,AGIB00,I,2017/AGIB00/15501,,2017/AGIB00/70000,,2017/AGIB00/17009,2017/AGIB00/I/15501/70000/0000/17009,Sí,
2017,AGIB00,I,2017/AGIB00/15501,,2017/AGIB00/70000,,2017/AGIB00/17010,2017/AGIB00/I/15501/70000/0000/17010,Sí,9590.38
2017,AGIB00,I,2017/AGIB00/15501,,2017/AGIB00/70000,,2017/AGIB00/17011,2017/AGIB00/I/15501/70000/0000/17011,Sí,182138
2017,AGIB00,I,2017/AGIB00/15501,,2017/AGIB00/70000,,2017/AGIB00/17012,2017/AGIB00/I/15501/70000/0000/17012,Sí,
2017,AGIB00,I,2017/AGIB00/15501,,2017/AGIB00/70000,,2017/AGIB00/17013,2017/AGIB00/I/15501/70000/0000/17013,Sí,
2017,AGIB00,I,2017/AGIB00/15501,,2017/AGIB00/70000,,2017/AGIB00/17014,2017/AGIB00/I/15501/70000/0000/17014,Sí,22369
2017,AGIB00,I,2017/AGIB00/15501,,2017/AGIB00/70000,,2017/AGIB00/17015,2017/AGIB00/I/15501/70000/0000/17015,Sí,16986.54
2017,AGIB00,I,2017/AGIB00/15501,,2017/AGIB00/70000,,2017/AGIB00/17016,2017/AGIB00/I/15501/70000/0000/17016,Sí,9201
2017,AGIB00,I,2017/AGIB00/15501,,2017/AGIB00/70000,,2017/AGIB00/17017,2017/AGIB00/I/15501/70000/0000/17017,Sí,726866.27
2017,AGIB00,I,2017/AGIB00/15501,,2017/AGIB00/70000,,2017/AGIB00/20002,2017/AGIB00/I/15501/70000/0000/20002,Sí,-1721.89
2017,AGIB00,I,2017/AGIB00/15501,,2017/AGIB00/70100,,2017/AGIB00/15025,2017/AGIB00/I/15501/70100/0000/15025,Sí,26520
2017,AGIB00,I,2017/AGIB00/15501,,2017/AGIB00/70100,,2017/AGIB00/15027,2017/AGIB00/I/15501/70100/0000/15027,Sí,225.08
2017,AGIB00,I,2017/AGIB00/15501,,2017/AGIB00/70100,,2017/AGIB00/16025,2017/AGIB00/I/15501/70100/0000/16025,Sí,
2017,AGIB00,I,2017/AGIB00/15501,,2017/AGIB00/70100,,2017/AGIB00/16027,2017/AGIB00/I/15501/70100/0000/16027,Sí,
2017,AGIB00,I,2017/AGIB00/15501,,2017/AGIB00/70100,,2017/AGIB00/17061,2017/AGIB00/I/15501/70100/0000/17061,Sí,
2017,AGIB00,I,2017/AGIB00/15501,,2017/AGIB00/70100,,2017/AGIB00/17062,2017/AGIB00/I/15501/70100/0000/17062,Sí,
2017,AGIB00,I,2017/AGIB00/15501,,2017/AGIB00/79200,,2017/AGIB00/15058,2017/AGIB00/I/15501/79200/0000/15058,Sí,
2017,AGIB00,I,2017/AGIB00/15501,,2017/AGIB00/79600,,2017/AGIB00/15058,2017/AGIB00/I/15501/79600/0000/15058,Sí,64190.29
2017,AGIB00,I,2017/AGIB00/15501,,2017/AGIB00/79600,,2017/AGIB00/16009,2017/AGIB00/I/15501/79600/0000/16009,Sí,21933.87
2017,AGIB00,I,2017/AGIB00/15501,,2017/AGIB00/79600,,2017/AGIB00/16058,2017/AGIB00/I/15501/79600/0000/16058,Sí,1323.74
2017,AGIB00,I,2017/AGIB00/15601,,2017/AGIB00/30976,,2017/AGIB00/00000,2017/AGIB00/I/15601/30976/0000/00000,Sí,285.78
2017,AGIB00,I,2017/AGIB00/15601,,2017/AGIB00/30977,,2017/AGIB00/00000,2017/AGIB00/I/15601/30977/0000/00000,Sí,
2017,AGIB00,I,2017/AGIB00/15601,,2017/AGIB00/30999,,2017/AGIB00/00000,2017/AGIB00/I/15601/30999/0000/00000,Sí,2303.2
2017,AGIB00,I,2017/AGIB00/15601,,2017/AGIB00/39102,,2017/AGIB00/00000,2017/AGIB00/I/15601/39102/0000/00000,Sí,237866.38
2017,AGIB00,I,2017/AGIB00/15601,,2017/AGIB00/70000,,2017/AGIB00/17006,2017/AGIB00/I/15601/70000/0000/17006,Sí,377927
2017,AGIB00,I,2017/AGIB00/15601,,2017/AGIB00/70000,,2017/AGIB00/17075,2017/AGIB00/I/15601/70000/0000/17075,Sí,12600
2017,AGIB00,I,2017/AGIB00/15601,,2017/AGIB00/70000,,2017/AGIB00/17076,2017/AGIB00/I/15601/70000/0000/17076,Sí,89078.62
2017,AGIB00,I,2017/AGIB00/15601,,2017/AGIB00/87001,,2017/AGIB00/15006,2017/AGIB00/I/15601/87001/0000/15006,Sí,
2017,AGIB00,I,2017/AGIB00/15901,,2017/AGIB00/30314,,2017/AGIB00/00000,2017/AGIB00/I/15901/30314/0000/00000,Sí,9505.2
2017,AGIB00,I,2017/AGIB00/15901,,2017/AGIB00/30966,,2017/AGIB00/00000,2017/AGIB00/I/15901/30966/0000/00000,Sí,321069.16
2017,AGIB00,I,2017/AGIB00/15901,,2017/AGIB00/30967,,2017/AGIB00/00000,2017/AGIB00/I/15901/30967/0000/00000,Sí,1774.85
2017,AGIB00,I,2017/AGIB00/15901,,2017/AGIB00/30994,,2017/AGIB00/00000,2017/AGIB00/I/15901/30994/0000/00000,Sí,795
2017,AGIB00,I,2017/AGIB00/15901,,2017/AGIB00/30995,,2017/AGIB00/00000,2017/AGIB00/I/15901/30995/0000/00000,Sí,300
2017,AGIB00,I,2017/AGIB00/15901,,2017/AGIB00/30996,,2017/AGIB00/00000,2017/AGIB00/I/15901/30996/0000/00000,Sí,730
2017,AGIB00,I,2017/AGIB00/15901,,2017/AGIB00/30999,,2017/AGIB00/00000,2017/AGIB00/I/15901/30999/0000/00000,Sí,
2017,AGIB00,I,2017/AGIB00/15901,,2017/AGIB00/39102,,2017/AGIB00/00000,2017/AGIB00/I/15901/39102/0000/00000,Sí,13137.1
2017,AGIB00,I,2017/AGIB00/17101,,2017/AGIB00/32930,,2017/AGIB00/00000,2017/AGIB00/I/17101/32930/0000/00000,Sí,37652.55
2017,AGIB00,I,2017/AGIB00/17101,,2017/AGIB00/38000,,2017/AGIB00/00000,2017/AGIB00/I/17101/38000/0000/00000,Sí,221728.75
2017,AGIB00,I,2017/AGIB00/17101,,2017/AGIB00/38100,,2017/AGIB00/00000,2017/AGIB00/I/17101/38100/0000/00000,Sí,13018.32
2017,AGIB00,I,2017/AGIB00/17101,,2017/AGIB00/38101,,2017/AGIB00/00000,2017/AGIB00/I/17101/38101/0000/00000,Sí,1674.1
2017,AGIB00,I,2017/AGIB00/17101,,2017/AGIB00/87002,,2017/AGIB00/00000,2017/AGIB00/I/17101/87002/0000/00000,Sí,
2017,AGIB00,I,2017/AGIB00/17201,,2017/AGIB00/40000,,2017/AGIB00/17004,2017/AGIB00/I/17201/40000/0000/17004,Sí,1747902.87
2017,AGIB00,I,2017/AGIB00/17301,,2017/AGIB00/30901,,2017/AGIB00/00000,2017/AGIB00/I/17301/30901/0000/00000,Sí,
2017,AGIB00,I,2017/AGIB00/17301,,2017/AGIB00/30991,,2017/AGIB00/00000,2017/AGIB00/I/17301/30991/0000/00000,Sí,14935.68
2017,AGIB00,I,2017/AGIB00/17301,,2017/AGIB00/40000,,2017/AGIB00/17001,2017/AGIB00/I/17301/40000/0000/17001,Sí,9939.97
2017,AGIB00,I,2017/AGIB00/17301,,2017/AGIB00/40000,,2017/AGIB00/17005,2017/AGIB00/I/17301/40000/0000/17005,Sí,5694.68
2017,AGIB00,I,2017/AGIB00/17301,,2017/AGIB00/40200,,2017/AGIB00/00000,2017/AGIB00/I/17301/40200/0000/00000,Sí,3824
2017,AGIB00,I,2017/AGIB00/17301,,2017/AGIB00/40201,,2017/AGIB00/16003,2017/AGIB00/I/17301/40201/0000/16003,Sí,1443389.26
2017,AGIB00,I,2017/AGIB00/17301,,2017/AGIB00/40201,,2017/AGIB00/17003,2017/AGIB00/I/17301/40201/0000/17003,Sí,16160723.08
2017,AGIB00,I,2017/AGIB00/17301,,2017/AGIB00/40201,,2017/AGIB00/17005,2017/AGIB00/I/17301/40201/0000/17005,Sí,
2017,AGIB00,I,2017/AGIB00/17401,,2017/AGIB00/39999,,2017/AGIB00/00000,2017/AGIB00/I/17401/39999/0000/00000,Sí,
2017,AGIB00,I,2017/AGIB00/17401,,2017/AGIB00/40000,,2017/AGIB00/16001,2017/AGIB00/I/17401/40000/0000/16001,Sí,
2017,AGIB00,I,2017/AGIB00/17401,,2017/AGIB00/40000,,2017/AGIB00/17002,2017/AGIB00/I/17401/40000/0000/17002,Sí,525497.13
2017,AGIB00,I,2017/AGIB00/17401,,2017/AGIB00/40000,,2017/AGIB00/17073,2017/AGIB00/I/17401/40000/0000/17073,Sí,3040904.41
2017,AGIB00,I,2017/AGIB00/17501,,2017/AGIB00/38000,,2017/AGIB00/00000,2017/AGIB00/I/17501/38000/0000/00000,Sí,5085.64
2017,AGIB00,I,2017/AGIB00/18101,,2017/AGIB00/38000,,2017/AGIB00/00000,2017/AGIB00/I/18101/38000/0000/00000,Sí,27362.7
2017,AGIB00,I,2017/AGIB00/18101,,2017/AGIB00/38100,,2017/AGIB00/00000,2017/AGIB00/I/18101/38100/0000/00000,Sí,978.43
2017,AGIB00,I,2017/AGIB00/18101,,2017/AGIB00/38101,,2017/AGIB00/00000,2017/AGIB00/I/18101/38101/0000/00000,Sí,9442.32
2017,AGIB00,I,2017/AGIB00/18101,,2017/AGIB00/40100,,2017/AGIB00/17007,2017/AGIB00/I/18101/40100/0000/17007,Sí,
2017,AGIB00,I,2017/AGIB00/18101,,2017/AGIB00/40260,,2017/AGIB00/15019,2017/AGIB00/I/18101/40260/0000/15019,Sí,161747.12
2017,AGIB00,I,2017/AGIB00/18101,,2017/AGIB00/40260,,2017/AGIB00/16019,2017/AGIB00/I/18101/40260/0000/16019,Sí,
2017,AGIB00,I,2017/AGIB00/18101,,2017/AGIB00/40260,,2017/AGIB00/17019,2017/AGIB00/I/18101/40260/0000/17019,Sí,8845858.72
2017,AGIB00,I,2017/AGIB00/18101,,2017/AGIB00/40261,,2017/AGIB00/17018,2017/AGIB00/I/18101/40261/0000/17018,Sí,23689548.06
2017,AGIB00,I,2017/AGIB00/18101,,2017/AGIB00/87002,,2017/AGIB00/00000,2017/AGIB00/I/18101/87002/0000/00000,Sí,
2017,AGIB00,I,2017/AGIB00/18201,,2017/AGIB00/30930,,2017/AGIB00/00000,2017/AGIB00/I/18201/30930/0000/00000,Sí,18516.7
2017,AGIB00,I,2017/AGIB00/18201,,2017/AGIB00/30931,,2017/AGIB00/00000,2017/AGIB00/I/18201/30931/0000/00000,Sí,265.95
2017,AGIB00,I,2017/AGIB00/18201,,2017/AGIB00/30932,,2017/AGIB00/00000,2017/AGIB00/I/18201/30932/0000/00000,Sí,2798.01
2017,AGIB00,I,2017/AGIB00/18201,,2017/AGIB00/30950,,2017/AGIB00/00000,2017/AGIB00/I/18201/30950/0000/00000,Sí,88547.52
2017,AGIB00,I,2017/AGIB00/18201,,2017/AGIB00/30951,,2017/AGIB00/00000,2017/AGIB00/I/18201/30951/0000/00000,Sí,11944.5
2017,AGIB00,I,2017/AGIB00/18201,,2017/AGIB00/30952,,2017/AGIB00/00000,2017/AGIB00/I/18201/30952/0000/00000,Sí,31745.62
2017,AGIB00,I,2017/AGIB00/18201,,2017/AGIB00/30954,,2017/AGIB00/00000,2017/AGIB00/I/18201/30954/0000/00000,Sí,38956.56
2017,AGIB00,I,2017/AGIB00/18201,,2017/AGIB00/30956,,2017/AGIB00/00000,2017/AGIB00/I/18201/30956/0000/00000,Sí,1169.41
2017,AGIB00,I,2017/AGIB00/18201,,2017/AGIB00/30958,,2017/AGIB00/00000,2017/AGIB00/I/18201/30958/0000/00000,Sí,13607.69
2017,AGIB00,I,2017/AGIB00/18201,,2017/AGIB00/30959,,2017/AGIB00/00000,2017/AGIB00/I/18201/30959/0000/00000,Sí,1172.7
2017,AGIB00,I,2017/AGIB00/18201,,2017/AGIB00/30960,,2017/AGIB00/00000,2017/AGIB00/I/18201/30960/0000/00000,Sí,25363.84
2017,AGIB00,I,2017/AGIB00/18201,,2017/AGIB00/30980,,2017/AGIB00/00000,2017/AGIB00/I/18201/30980/0000/00000,Sí,
2017,AGIB00,I,2017/AGIB00/18201,,2017/AGIB00/30981,,2017/AGIB00/00000,2017/AGIB00/I/18201/30981/0000/00000,Sí,533.83
2017,AGIB00,I,2017/AGIB00/18201,,2017/AGIB00/30982,,2017/AGIB00/00000,2017/AGIB00/I/18201/30982/0000/00000,Sí,
2017,AGIB00,I,2017/AGIB00/18201,,2017/AGIB00/30983,,2017/AGIB00/00000,2017/AGIB00/I/18201/30983/0000/00000,Sí,0.02
2017,AGIB00,I,2017/AGIB00/18201,,2017/AGIB00/30985,,2017/AGIB00/00000,2017/AGIB00/I/18201/30985/0000/00000,Sí,1721.31
2017,AGIB00,I,2017/AGIB00/18201,,2017/AGIB00/30986,,2017/AGIB00/00000,2017/AGIB00/I/18201/30986/0000/00000,Sí,216.21
2017,AGIB00,I,2017/AGIB00/18201,,2017/AGIB00/30987,,2017/AGIB00/00000,2017/AGIB00/I/18201/30987/0000/00000,Sí,5857.11
2017,AGIB00,I,2017/AGIB00/18201,,2017/AGIB00/33300,,2017/AGIB00/00000,2017/AGIB00/I/18201/33300/0000/00000,Sí,48.69
2017,AGIB00,I,2017/AGIB00/18201,,2017/AGIB00/33901,,2017/AGIB00/00000,2017/AGIB00/I/18201/33901/0000/00000,Sí,4265.63
2017,AGIB00,I,2017/AGIB00/18201,,2017/AGIB00/39102,,2017/AGIB00/00000,2017/AGIB00/I/18201/39102/0000/00000,Sí,3040878.29
2017,AGIB00,I,2017/AGIB00/18201,,2017/AGIB00/40000,,2017/AGIB00/17018,2017/AGIB00/I/18201/40000/0000/17018,Sí,
2017,AGIB00,I,2017/AGIB00/18201,,2017/AGIB00/40000,,2017/AGIB00/17019,2017/AGIB00/I/18201/40000/0000/17019,Sí,
2017,AGIB00,I,2017/AGIB00/18201,,2017/AGIB00/40000,,2017/AGIB00/17032,2017/AGIB00/I/18201/40000/0000/17032,Sí,
2017,AGIB00,I,2017/AGIB00/18201,,2017/AGIB00/40000,,2017/AGIB00/17033,2017/AGIB00/I/18201/40000/0000/17033,Sí,
2017,AGIB00,I,2017/AGIB00/18201,,2017/AGIB00/40000,,2017/AGIB00/17034,2017/AGIB00/I/18201/40000/0000/17034,Sí,
2017,AGIB00,I,2017/AGIB00/18201,,2017/AGIB00/40000,,2017/AGIB00/17035,2017/AGIB00/I/18201/40000/0000/17035,Sí,
2017,AGIB00,I,2017/AGIB00/18201,,2017/AGIB00/40000,,2017/AGIB00/17036,2017/AGIB00/I/18201/40000/0000/17036,Sí,
2017,AGIB00,I,2017/AGIB00/18201,,2017/AGIB00/40000,,2017/AGIB00/17037,2017/AGIB00/I/18201/40000/0000/17037,Sí,260231.72
2017,AGIB00,I,2017/AGIB00/18201,,2017/AGIB00/40000,,2017/AGIB00/17038,2017/AGIB00/I/18201/40000/0000/17038,Sí,291000
2017,AGIB00,I,2017/AGIB00/18201,,2017/AGIB00/44400,,2017/AGIB00/00000,2017/AGIB00/I/18201/44400/0000/00000,Sí,45000
2017,AGIB00,I,2017/AGIB00/18201,,2017/AGIB00/87001,,2017/AGIB00/16038,2017/AGIB00/I/18201/87001/0000/16038,Sí,
2017,AGIB00,I,2017/AGIB00/18301,,2017/AGIB00/40100,,2017/AGIB00/17032,2017/AGIB00/I/18301/40100/0000/17032,Sí,14238.36
2017,AGIB00,I,2017/AGIB00/18401,,2017/AGIB00/30957,,2017/AGIB00/00000,2017/AGIB00/I/18401/30957/0000/00000,Sí,29851.19
2017,AGIB00,I,2017/AGIB00/18401,,2017/AGIB00/33300,,2017/AGIB00/00000,2017/AGIB00/I/18401/33300/0000/00000,Sí,5430.48
2017,AGIB00,I,2017/AGIB00/18401,,2017/AGIB00/40000,,2017/AGIB00/16034,2017/AGIB00/I/18401/40000/0000/16034,Sí,516713.2
2017,AGIB00,I,2017/AGIB00/18401,,2017/AGIB00/40000,,2017/AGIB00/16035,2017/AGIB00/I/18401/40000/0000/16035,Sí,40307.32
2017,AGIB00,I,2017/AGIB00/18401,,2017/AGIB00/40000,,2017/AGIB00/16036,2017/AGIB00/I/18401/40000/0000/16036,Sí,5615.1
2017,AGIB00,I,2017/AGIB00/18401,,2017/AGIB00/40000,,2017/AGIB00/17034,2017/AGIB00/I/18401/40000/0000/17034,Sí,
2017,AGIB00,I,2017/AGIB00/18401,,2017/AGIB00/40000,,2017/AGIB00/17035,2017/AGIB00/I/18401/40000/0000/17035,Sí,
2017,AGIB00,I,2017/AGIB00/18501,,2017/AGIB00/30997,,2017/AGIB00/00000,2017/AGIB00/I/18501/30997/0000/00000,Sí,9889.5
2017,AGIB00,I,2017/AGIB00/18501,,2017/AGIB00/40000,,2017/AGIB00/17036,2017/AGIB00/I/18501/40000/0000/17036,Sí,
2017,AGIB00,I,2017/AGIB00/19101,,2017/AGIB00/38000,,2017/AGIB00/00000,2017/AGIB00/I/19101/38000/0000/00000,Sí,63102.22
2017,AGIB00,I,2017/AGIB00/19101,,2017/AGIB00/38000,,2017/AGIB00/19112,2017/AGIB00/I/19101/38000/0000/19112,Sí,20047.12
2017,AGIB00,I,2017/AGIB00/19101,,2017/AGIB00/38100,,2017/AGIB00/00000,2017/AGIB00/I/19101/38100/0000/00000,Sí,2388.67
2017,AGIB00,I,2017/AGIB00/19101,,2017/AGIB00/38101,,2017/AGIB00/00000,2017/AGIB00/I/19101/38101/0000/00000,Sí,2148.72
2017,AGIB00,I,2017/AGIB00/19101,,2017/AGIB00/68000,,2017/AGIB00/31108,2017/AGIB00/I/19101/68000/0000/31108,Sí,18112.84
2017,AGIB00,I,2017/AGIB00/19301,,2017/AGIB00/30001,,2017/AGIB00/00000,2017/AGIB00/I/19301/30001/0000/00000,Sí,449998.04
2017,AGIB00,I,2017/AGIB00/19301,,2017/AGIB00/30973,,2017/AGIB00/00000,2017/AGIB00/I/19301/30973/0000/00000,Sí,199.1
2017,AGIB00,I,2017/AGIB00/19301,,2017/AGIB00/30974,,2017/AGIB00/00000,2017/AGIB00/I/19301/30974/0000/00000,Sí,7642.52
2017,AGIB00,I,2017/AGIB00/19301,,2017/AGIB00/39102,,2017/AGIB00/00000,2017/AGIB00/I/19301/39102/0000/00000,Sí,681019.37
2017,AGIB00,I,2017/AGIB00/19401,,2017/AGIB00/30971,,2017/AGIB00/00000,2017/AGIB00/I/19401/30971/0000/00000,Sí,1408124.32
2017,AGIB00,I,2017/AGIB00/19401,,2017/AGIB00/30973,,2017/AGIB00/00000,2017/AGIB00/I/19401/30973/0000/00000,Sí,235.02
2017,AGIB00,I,2017/AGIB00/19401,,2017/AGIB00/39102,,2017/AGIB00/00000,2017/AGIB00/I/19401/39102/0000/00000,Sí,186771.01
2017,AGIB00,I,2017/AGIB00/19401,,2017/AGIB00/40100,,2017/AGIB00/00000,2017/AGIB00/I/19401/40100/0000/00000,Sí,70129.87
2017,AGIB00,I,2017/AGIB00/19601,,2017/AGIB00/38000,,2017/AGIB00/15021,2017/AGIB00/I/19601/38000/0000/15021,Sí,48240.31
2017,AGIB00,I,2017/AGIB00/19601,,2017/AGIB00/38000,,2017/AGIB00/15024,2017/AGIB00/I/19601/38000/0000/15024,Sí,79210.05
2017,AGIB00,I,2017/AGIB00/19601,,2017/AGIB00/38000,,2017/AGIB00/16024,2017/AGIB00/I/19601/38000/0000/16024,Sí,12210.59
2017,AGIB00,I,2017/AGIB00/19601,,2017/AGIB00/38000,,2017/AGIB00/19113,2017/AGIB00/I/19601/38000/0000/19113,Sí,21099.5
2017,AGIB00,I,2017/AGIB00/19601,,2017/AGIB00/39102,,2017/AGIB00/00000,2017/AGIB00/I/19601/39102/0000/00000,Sí,2617081.82
2017,AGIB00,I,2017/AGIB00/19601,,2017/AGIB00/40000,,2017/AGIB00/17024,2017/AGIB00/I/19601/40000/0000/17024,Sí,494400
2017,AGIB00,I,2017/AGIB00/19601,,2017/AGIB00/40101,,2017/AGIB00/17021,2017/AGIB00/I/19601/40101/0000/17021,Sí,
2017,AGIB00,I,2017/AGIB00/25101,,2017/AGIB00/30904,,2017/AGIB00/00000,2017/AGIB00/I/25101/30904/0000/00000,Sí,
2017,AGIB00,I,2017/AGIB00/25101,,2017/AGIB00/30999,,2017/AGIB00/00000,2017/AGIB00/I/25101/30999/0000/00000,Sí,
2017,AGIB00,I,2017/AGIB00/25101,,2017/AGIB00/38000,,2017/AGIB00/00000,2017/AGIB00/I/25101/38000/0000/00000,Sí,2255095.04
2017,AGIB00,I,2017/AGIB00/25101,,2017/AGIB00/38100,,2017/AGIB00/00000,2017/AGIB00/I/25101/38100/0000/00000,Sí,34945.21
2017,AGIB00,I,2017/AGIB00/25101,,2017/AGIB00/38101,,2017/AGIB00/00000,2017/AGIB00/I/25101/38101/0000/00000,Sí,3206.73
2017,AGIB00,I,2017/AGIB00/25101,,2017/AGIB00/39999,,2017/AGIB00/00000,2017/AGIB00/I/25101/39999/0000/00000,Sí,
2017,AGIB00,I,2017/AGIB00/25101,,2017/AGIB00/87001,,2017/AGIB00/00000,2017/AGIB00/I/25101/87001/0000/00000,Sí,
2017,AGIB00,I,2017/AGIB00/25101,,2017/AGIB00/87002,,2017/AGIB00/00000,2017/AGIB00/I/25101/87002/0000/00000,Sí,
2017,AGIB00,I,2017/AGIB00/25201,,2017/AGIB00/30310,,2017/AGIB00/00000,2017/AGIB00/I/25201/30310/0000/00000,Sí,1971.34
2017,AGIB00,I,2017/AGIB00/25201,,2017/AGIB00/30943,,2017/AGIB00/00000,2017/AGIB00/I/25201/30943/0000/00000,Sí,303264.37
2017,AGIB00,I,2017/AGIB00/25201,,2017/AGIB00/30944,,2017/AGIB00/00000,2017/AGIB00/I/25201/30944/0000/00000,Sí,113626.84
2017,AGIB00,I,2017/AGIB00/25201,,2017/AGIB00/39102,,2017/AGIB00/00000,2017/AGIB00/I/25201/39102/0000/00000,Sí,916249.47
2017,AGIB00,I,2017/AGIB00/25201,,2017/AGIB00/68000,,2017/AGIB00/00000,2017/AGIB00/I/25201/68000/0000/00000,Sí,3576.16
2017,AGIB00,I,2017/AGIB00/25201,,2017/AGIB00/70000,,2017/AGIB00/15039,2017/AGIB00/I/25201/70000/0000/15039,Sí,
2017,AGIB00,I,2017/AGIB00/25301,,2017/AGIB00/30904,,2017/AGIB00/00000,2017/AGIB00/I/25301/30904/0000/00000,Sí,
2017,AGIB00,I,2017/AGIB00/25301,,2017/AGIB00/30905,,2017/AGIB00/00000,2017/AGIB00/I/25301/30905/0000/00000,Sí,
2017,AGIB00,I,2017/AGIB00/25301,,2017/AGIB00/30910,,2017/AGIB00/00000,2017/AGIB00/I/25301/30910/0000/00000,Sí,5126.48
2017,AGIB00,I,2017/AGIB00/25301,,2017/AGIB00/30919,,2017/AGIB00/00000,2017/AGIB00/I/25301/30919/0000/00000,Sí,61137.9
2017,AGIB00,I,2017/AGIB00/25301,,2017/AGIB00/30999,,2017/AGIB00/00000,2017/AGIB00/I/25301/30999/0000/00000,Sí,
2017,AGIB00,I,2017/AGIB00/25301,,2017/AGIB00/39102,,2017/AGIB00/00000,2017/AGIB00/I/25301/39102/0000/00000,Sí,18423.32
2017,AGIB00,I,2017/AGIB00/25401,,2017/AGIB00/30311,,2017/AGIB00/00000,2017/AGIB00/I/25401/30311/0000/00000,Sí,259825.4
2017,AGIB00,I,2017/AGIB00/25401,,2017/AGIB00/30947,,2017/AGIB00/00000,2017/AGIB00/I/25401/30947/0000/00000,Sí,189809.3
2017,AGIB00,I,2017/AGIB00/25401,,2017/AGIB00/30948,,2017/AGIB00/00000,2017/AGIB00/I/25401/30948/0000/00000,Sí,220.77
2017,AGIB00,I,2017/AGIB00/25401,,2017/AGIB00/39102,,2017/AGIB00/00000,2017/AGIB00/I/25401/39102/0000/00000,Sí,11300.08
2017,AGIB00,I,2017/AGIB00/25501,,2017/AGIB00/30946,,2017/AGIB00/00000,2017/AGIB00/I/25501/30946/0000/00000,Sí,25608.51
2017,AGIB00,I,2017/AGIB00/25501,,2017/AGIB00/70000,,2017/AGIB00/15030,2017/AGIB00/I/25501/70000/0000/15030,Sí,5543258.74
2017,AGIB00,I,2017/AGIB00/25501,,2017/AGIB00/70000,,2017/AGIB00/17201,2017/AGIB00/I/25501/70000/0000/17201,Sí,-3997077.84
2017,AGIB00,I,2017/AGIB00/25501,,2017/AGIB00/79000,,2017/AGIB00/15041,2017/AGIB00/I/25501/79000/0000/15041,Sí,
2017,AGIB00,I,2017/AGIB00/25501,,2017/AGIB00/79600,,2017/AGIB00/15041,2017/AGIB00/I/25501/79600/0000/15041,Sí,301604.8
2017,AGIB00,I,2017/AGIB00/25601,,2017/AGIB00/30904,,2017/AGIB00/00000,2017/AGIB00/I/25601/30904/0000/00000,Sí,
2017,AGIB00,I,2017/AGIB00/25601,,2017/AGIB00/30905,,2017/AGIB00/00000,2017/AGIB00/I/25601/30905/0000/00000,Sí,
2017,AGIB00,I,2017/AGIB00/25601,,2017/AGIB00/30907,,2017/AGIB00/00000,2017/AGIB00/I/25601/30907/0000/00000,Sí,4512.96
2017,AGIB00,I,2017/AGIB00/25601,,2017/AGIB00/30973,,2017/AGIB00/00000,2017/AGIB00/I/25601/30973/0000/00000,Sí,
2017,AGIB00,I,2017/AGIB00/25601,,2017/AGIB00/30999,,2017/AGIB00/00000,2017/AGIB00/I/25601/30999/0000/00000,Sí,
2017,AGIB00,I,2017/AGIB00/25601,,2017/AGIB00/33200,,2017/AGIB00/00000,2017/AGIB00/I/25601/33200/0000/00000,Sí,
2017,AGIB00,I,2017/AGIB00/25601,,2017/AGIB00/39102,,2017/AGIB00/00000,2017/AGIB00/I/25601/39102/0000/00000,Sí,
2017,AGIB00,I,2017/AGIB00/25601,,2017/AGIB00/70000,,2017/AGIB00/17077,2017/AGIB00/I/25601/70000/0000/17077,Sí,371500
2017,AGIB00,I,2017/AGIB00/26101,,2017/AGIB00/38000,,2017/AGIB00/00000,2017/AGIB00/I/26101/38000/0000/00000,Sí,1925
2017,AGIB00,I,2017/AGIB00/26101,,2017/AGIB00/38100,,2017/AGIB00/00000,2017/AGIB00/I/26101/38100/0000/00000,Sí,9320.82
2017,AGIB00,I,2017/AGIB00/26101,,2017/AGIB00/38101,,2017/AGIB00/00000,2017/AGIB00/I/26101/38101/0000/00000,Sí,959.72
2017,AGIB00,I,2017/AGIB00/26203,,2017/AGIB00/33200,,2017/AGIB00/00000,2017/AGIB00/I/26203/33200/0000/00000,Sí,
2017,AGIB00,I,2017/AGIB00/26208,,2017/AGIB00/33200,,2017/AGIB00/00000,2017/AGIB00/I/26208/33200/0000/00000,Sí,3404.96
2017,AGIB00,I,2017/AGIB00/26208,,2017/AGIB00/33900,,2017/AGIB00/00000,2017/AGIB00/I/26208/33900/0000/00000,Sí,628.84
2017,AGIB00,I,2017/AGIB00/26209,,2017/AGIB00/32920,,2017/AGIB00/00000,2017/AGIB00/I/26209/32920/0000/00000,Sí,9988.34
2017,AGIB00,I,2017/AGIB00/26209,,2017/AGIB00/33099,,2017/AGIB00/00000,2017/AGIB00/I/26209/33099/0000/00000,Sí,
2017,AGIB00,I,2017/AGIB00/26210,,2017/AGIB00/32920,,2017/AGIB00/00000,2017/AGIB00/I/26210/32920/0000/00000,Sí,
2017,AGIB00,I,2017/AGIB00/26210,,2017/AGIB00/33099,,2017/AGIB00/00000,2017/AGIB00/I/26210/33099/0000/00000,Sí,1365.3
2017,AGIB00,I,2017/AGIB00/26212,,2017/AGIB00/32920,,2017/AGIB00/00000,2017/AGIB00/I/26212/32920/0000/00000,Sí,8102.4
2017,AGIB00,I,2017/AGIB00/26401,,2017/AGIB00/30304,,2017/AGIB00/00000,2017/AGIB00/I/26401/30304/0000/00000,Sí,236769.54
2017,AGIB00,I,2017/AGIB00/26501,,2017/AGIB00/30999,,2017/AGIB00/00000,2017/AGIB00/I/26501/30999/0000/00000,Sí,10602.25
2017,AGIB00,I,2017/AGIB00/26501,,2017/AGIB00/39102,,2017/AGIB00/00000,2017/AGIB00/I/26501/39102/0000/00000,Sí,15005
2017,AGIB00,I,2017/AGIB00/26501,,2017/AGIB00/40100,,2017/AGIB00/17082,2017/AGIB00/I/26501/40100/0000/17082,Sí,345503.38
2017,AGIB00,I,2017/AGIB00/26502,,2017/AGIB00/32999,,2017/AGIB00/00000,2017/AGIB00/I/26502/32999/0000/00000,Sí,209919.91
2017,AGIB00,I,2017/AGIB00/26502,,2017/AGIB00/39999,,2017/AGIB00/00000,2017/AGIB00/I/26502/39999/0000/00000,Sí,634.57
2017,AGIB00,I,2017/AGIB00/26502,,2017/AGIB00/55900,,2017/AGIB00/00000,2017/AGIB00/I/26502/55900/0000/00000,Sí,25710.62
2017,AGIB00,I,2017/AGIB00/31101,,2017/AGIB00/10000,,2017/AGIB00/00000,2017/AGIB00/I/31101/10000/0000/00000,Sí,1101522683.49
2017,AGIB00,I,2017/AGIB00/31101,,2017/AGIB00/11000,,2017/AGIB00/00000,2017/AGIB00/I/31101/11000/0000/00000,Sí,101003471.06
2017,AGIB00,I,2017/AGIB00/31101,,2017/AGIB00/11100,,2017/AGIB00/00000,2017/AGIB00/I/31101/11100/0000/00000,Sí,67533869.26
2017,AGIB00,I,2017/AGIB00/31101,,2017/AGIB00/11200,,2017/AGIB00/00000,2017/AGIB00/I/31101/11200/0000/00000,Sí,7944889.01
2017,AGIB00,I,2017/AGIB00/31101,,2017/AGIB00/20000,,2017/AGIB00/00000,2017/AGIB00/I/31101/20000/0000/00000,Sí,513861942.34
2017,AGIB00,I,2017/AGIB00/31101,,2017/AGIB00/20001,,2017/AGIB00/00000,2017/AGIB00/I/31101/20001/0000/00000,Sí,411445.29
2017,AGIB00,I,2017/AGIB00/31101,,2017/AGIB00/20100,,2017/AGIB00/00000,2017/AGIB00/I/31101/20100/0000/00000,Sí,110350382.23
2017,AGIB00,I,2017/AGIB00/31101,,2017/AGIB00/20101,,2017/AGIB00/00000,2017/AGIB00/I/31101/20101/0000/00000,Sí,519048.98
2017,AGIB00,I,2017/AGIB00/31101,,2017/AGIB00/21000,,2017/AGIB00/00000,2017/AGIB00/I/31101/21000/0000/00000,Sí,1068990782.98
2017,AGIB00,I,2017/AGIB00/31101,,2017/AGIB00/22001,,2017/AGIB00/00000,2017/AGIB00/I/31101/22001/0000/00000,Sí,3871526.57
2017,AGIB00,I,2017/AGIB00/31101,,2017/AGIB00/22003,,2017/AGIB00/00000,2017/AGIB00/I/31101/22003/0000/00000,Sí,13158207.46
2017,AGIB00,I,2017/AGIB00/31101,,2017/AGIB00/22004,,2017/AGIB00/00000,2017/AGIB00/I/31101/22004/0000/00000,Sí,179276573.12
2017,AGIB00,I,2017/AGIB00/31101,,2017/AGIB00/22005,,2017/AGIB00/00000,2017/AGIB00/I/31101/22005/0000/00000,Sí,194625631.94
2017,AGIB00,I,2017/AGIB00/31101,,2017/AGIB00/22006,,2017/AGIB00/00000,2017/AGIB00/I/31101/22006/0000/00000,Sí,16521566.4
2017,AGIB00,I,2017/AGIB00/31101,,2017/AGIB00/22007,,2017/AGIB00/00000,2017/AGIB00/I/31101/22007/0000/00000,Sí,450860.4
2017,AGIB00,I,2017/AGIB00/31101,,2017/AGIB00/22008,,2017/AGIB00/00000,2017/AGIB00/I/31101/22008/0000/00000,Sí,39136559.98
2017,AGIB00,I,2017/AGIB00/31101,,2017/AGIB00/22009,,2017/AGIB00/00000,2017/AGIB00/I/31101/22009/0000/00000,Sí,33782874.41
2017,AGIB00,I,2017/AGIB00/31101,,2017/AGIB00/28100,,2017/AGIB00/17064,2017/AGIB00/I/31101/28100/0000/17064,Sí,56621794.63
2017,AGIB00,I,2017/AGIB00/31101,,2017/AGIB00/28300,,2017/AGIB00/00000,2017/AGIB00/I/31101/28300/0000/00000,Sí,84184980.44
2017,AGIB00,I,2017/AGIB00/31101,,2017/AGIB00/30000,,2017/AGIB00/00000,2017/AGIB00/I/31101/30000/0000/00000,Sí,36353790.87
2017,AGIB00,I,2017/AGIB00/31101,,2017/AGIB00/38000,,2017/AGIB00/00000,2017/AGIB00/I/31101/38000/0000/00000,Sí,814496.37
2017,AGIB00,I,2017/AGIB00/31101,,2017/AGIB00/38100,,2017/AGIB00/00000,2017/AGIB00/I/31101/38100/0000/00000,Sí,6184.02
2017,AGIB00,I,2017/AGIB00/31101,,2017/AGIB00/39100,,2017/AGIB00/00000,2017/AGIB00/I/31101/39100/0000/00000,Sí,1578652.36
2017,AGIB00,I,2017/AGIB00/31101,,2017/AGIB00/39101,,2017/AGIB00/00000,2017/AGIB00/I/31101/39101/0000/00000,Sí,1551458.24
2017,AGIB00,I,2017/AGIB00/31101,,2017/AGIB00/39901,,2017/AGIB00/00000,2017/AGIB00/I/31101/39901/0000/00000,Sí,1212340.84
2017,AGIB00,I,2017/AGIB00/31101,,2017/AGIB00/40000,,2017/AGIB00/00000,2017/AGIB00/I/31101/40000/0000/00000,Sí,
2017,AGIB00,I,2017/AGIB00/31101,,2017/AGIB00/40001,,2017/AGIB00/00000,2017/AGIB00/I/31101/40001/0000/00000,Sí,-169057206.86
2017,AGIB00,I,2017/AGIB00/31101,,2017/AGIB00/40002,,2017/AGIB00/00000,2017/AGIB00/I/31101/40002/0000/00000,Sí,-645611989
2017,AGIB00,I,2017/AGIB00/31101,,2017/AGIB00/40003,,2017/AGIB00/00000,2017/AGIB00/I/31101/40003/0000/00000,Sí,633596406.93
2017,AGIB00,I,2017/AGIB00/31101,,2017/AGIB00/40009,,2017/AGIB00/00000,2017/AGIB00/I/31101/40009/0000/00000,Sí,
2017,AGIB00,I,2017/AGIB00/31101,,2017/AGIB00/49000,,2017/AGIB00/19112,2017/AGIB00/I/31101/49000/0000/19112,Sí,
2017,AGIB00,I,2017/AGIB00/31101,,2017/AGIB00/49000,,2017/AGIB00/19113,2017/AGIB00/I/31101/49000/0000/19113,Sí,240236.64
2017,AGIB00,I,2017/AGIB00/31101,,2017/AGIB00/49000,,2017/AGIB00/19114,2017/AGIB00/I/31101/49000/0000/19114,Sí,
2017,AGIB00,I,2017/AGIB00/31101,,2017/AGIB00/52099,,2017/AGIB00/00000,2017/AGIB00/I/31101/52099/0000/00000,Sí,245909.61
2017,AGIB00,I,2017/AGIB00/31101,,2017/AGIB00/59900,,2017/AGIB00/00000,2017/AGIB00/I/31101/59900/0000/00000,Sí,884787.77
2017,AGIB00,I,2017/AGIB00/31101,,2017/AGIB00/70000,,2017/AGIB00/15065,2017/AGIB00/I/31101/70000/0000/15065,Sí,
2017,AGIB00,I,2017/AGIB00/31101,,2017/AGIB00/79000,,2017/AGIB00/31108,2017/AGIB00/I/31101/79000/0000/31108,Sí,
2017,AGIB00,I,2017/AGIB00/31101,,2017/AGIB00/79000,,2017/AGIB00/31110,2017/AGIB00/I/31101/79000/0000/31110,Sí,1029848.9
2017,AGIB00,I,2017/AGIB00/33101,,2017/AGIB00/87001,,2017/AGIB00/31201,2017/AGIB00/I/33101/87001/0000/31201,Sí,
2017,AGIB00,I,2017/AGIB00/34101,,2017/AGIB00/51400,,2017/AGIB00/00000,2017/AGIB00/I/34101/51400/0000/00000,Sí,916514.23
2017,AGIB00,I,2017/AGIB00/34101,,2017/AGIB00/82007,,2017/AGIB00/00000,2017/AGIB00/I/34101/82007/0000/00000,Sí,8360126
2017,AGIB00,I,2017/AGIB00/34101,,2017/AGIB00/82104,,2017/AGIB00/00000,2017/AGIB00/I/34101/82104/0000/00000,Sí,11232823.99
2017,AGIB00,I,2017/AGIB00/34101,,2017/AGIB00/91100,,2017/AGIB00/00000,2017/AGIB00/I/34101/91100/0000/00000,Sí,1218785563.58
2017,AGIB00,I,2017/AGIB00/34101,,2017/AGIB00/91300,,2017/AGIB00/00000,2017/AGIB00/I/34101/91300/0000/00000,Sí,108356803
2017,AGIB00,I,2017/AGIB00/73101,,2017/AGIB00/38000,,2017/AGIB00/00000,2017/AGIB00/I/73101/38000/0000/00000,Sí,411.4
2017,AGIB00,I,2017/AGIB00/73101,,2017/AGIB00/38101,,2017/AGIB00/00000,2017/AGIB00/I/73101/38101/0000/00000,Sí,135.24
2017,AGIB00,I,2017/AGIB00/73101,,2017/AGIB00/40000,,2017/AGIB00/17028,2017/AGIB00/I/73101/40000/0000/17028,Sí,207588
2017,AGIB00,I,2017/AGIB00/73101,,2017/AGIB00/40000,,2017/AGIB00/17029,2017/AGIB00/I/73101/40000/0000/17029,Sí,54820.25
2017,AGIB00,I,2017/AGIB00/73101,,2017/AGIB00/40000,,2017/AGIB00/17079,2017/AGIB00/I/73101/40000/0000/17079,Sí,95642
2017,AGIB00,I,2017/AGIB00/76101,,2017/AGIB00/30992,,2017/AGIB00/00000,2017/AGIB00/I/76101/30992/0000/00000,Sí,14577.2
2017,AGIB00,I,2017/AGIB00/76101,,2017/AGIB00/38000,,2017/AGIB00/00000,2017/AGIB00/I/76101/38000/0000/00000,Sí,3812476.4
2017,AGIB00,I,2017/AGIB00/76101,,2017/AGIB00/38101,,2017/AGIB00/00000,2017/AGIB00/I/76101/38101/0000/00000,Sí,476.06
2017,AGIB00,I,2017/AGIB00/76101,,2017/AGIB00/40101,,2017/AGIB00/15020,2017/AGIB00/I/76101/40101/0000/15020,Sí,-3570520.19
2017,AGIB00,I,2017/AGIB00/76101,,2017/AGIB00/40101,,2017/AGIB00/15021,2017/AGIB00/I/76101/40101/0000/15021,Sí,-24443.77
2017,AGIB00,I,2017/AGIB00/76101,,2017/AGIB00/40101,,2017/AGIB00/15023,2017/AGIB00/I/76101/40101/0000/15023,Sí,-25014.91
2017,AGIB00,I,2017/AGIB00/76101,,2017/AGIB00/40101,,2017/AGIB00/16020,2017/AGIB00/I/76101/40101/0000/16020,Sí,-6184294.2
2017,AGIB00,I,2017/AGIB00/76101,,2017/AGIB00/40101,,2017/AGIB00/16021,2017/AGIB00/I/76101/40101/0000/16021,Sí,-1845354
2017,AGIB00,I,2017/AGIB00/76101,,2017/AGIB00/40101,,2017/AGIB00/16022,2017/AGIB00/I/76101/40101/0000/16022,Sí,-1727820
2017,AGIB00,I,2017/AGIB00/76101,,2017/AGIB00/40101,,2017/AGIB00/16023,2017/AGIB00/I/76101/40101/0000/16023,Sí,-733361.86
2017,AGIB00,I,2017/AGIB00/76101,,2017/AGIB00/40101,,2017/AGIB00/17020,2017/AGIB00/I/76101/40101/0000/17020,Sí,21011297
2017,AGIB00,I,2017/AGIB00/76101,,2017/AGIB00/40101,,2017/AGIB00/17021,2017/AGIB00/I/76101/40101/0000/17021,Sí,18376346
2017,AGIB00,I,2017/AGIB00/76101,,2017/AGIB00/40101,,2017/AGIB00/17022,2017/AGIB00/I/76101/40101/0000/17022,Sí,552595
2017,AGIB00,I,2017/AGIB00/76101,,2017/AGIB00/40101,,2017/AGIB00/17023,2017/AGIB00/I/76101/40101/0000/17023,Sí,1224000
2017,AGIB00,I,2017/AGIB00/76101,,2017/AGIB00/40101,,2017/AGIB00/76214,2017/AGIB00/I/76101/40101/0000/76214,Sí,-792479.6
2017,AGIB00,I,2017/AGIB00/76101,,2017/AGIB00/40101,,2017/AGIB00/76299,2017/AGIB00/I/76101/40101/0000/76299,Sí,1612322.62
2017,AGIB00,I,2017/AGIB00/76101,,2017/AGIB00/87001,,2017/AGIB00/16020,2017/AGIB00/I/76101/87001/0000/16020,Sí,
2017,AGIB00,I,2017/AGIB00/76101,,2017/AGIB00/87001,,2017/AGIB00/16023,2017/AGIB00/I/76101/87001/0000/16023,Sí,
2017,AGIB00,I,2017/AGIB00/78101,,2017/AGIB00/30307,,2017/AGIB00/00000,2017/AGIB00/I/78101/30307/0000/00000,Sí,180508.41
2017,AGIB00,I,2017/AGIB00/78101,,2017/AGIB00/30308,,2017/AGIB00/00000,2017/AGIB00/I/78101/30308/0000/00000,Sí,2876.04
2017,AGIB00,I,2017/AGIB00/78101,,2017/AGIB00/30309,,2017/AGIB00/00000,2017/AGIB00/I/78101/30309/0000/00000,Sí,
2017,AGIB00,I,2017/AGIB00/78101,,2017/AGIB00/38100,,2017/AGIB00/00000,2017/AGIB00/I/78101/38100/0000/00000,Sí,183.6
2017,AGIB00,I,2017/AGIB00/78101,,2017/AGIB00/38101,,2017/AGIB00/00000,2017/AGIB00/I/78101/38101/0000/00000,Sí,1685.36
2017,AGIB00,I,2017/AGIB00/78101,,2017/AGIB00/40100,,2017/AGIB00/00000,2017/AGIB00/I/78101/40100/0000/00000,Sí,1122.24
2017,AGIB00,I,2017/AGIB00/78101,,2017/AGIB00/40100,,2017/AGIB00/17007,2017/AGIB00/I/78101/40100/0000/17007,Sí,549860
2017,AGIB00,I,2017/AGIB00/78101,,2017/AGIB00/40100,,2017/AGIB00/17008,2017/AGIB00/I/78101/40100/0000/17008,Sí,262530
2017,AGIB00,I,2017/AGIB00/78101,,2017/AGIB00/87001,,2017/AGIB00/16007,2017/AGIB00/I/78101/87001/0000/16007,Sí,
2017,AGIB00,I,2017/AGIB00/78101,,2017/AGIB00/87001,,2017/AGIB00/16008,2017/AGIB00/I/78101/87001/0000/16008,Sí,
2017,ATIB00,I,2017/ATIB00/50001,,2017/ATIB00/33901,,2017/ATIB00/00000,2017/ATIB00/I/50001/33901/0000/00000,Sí,13562.36
2017,ATIB00,I,2017/ATIB00/50001,,2017/ATIB00/38100,,2017/ATIB00/00000,2017/ATIB00/I/50001/38100/0000/00000,Sí,4686.37
2017,ATIB00,I,2017/ATIB00/50001,,2017/ATIB00/45000,,2017/ATIB00/00000,2017/ATIB00/I/50001/45000/0000/00000,No,10042746.83
2017,ATIB00,I,2017/ATIB00/50001,,2017/ATIB00/52099,,2017/ATIB00/00000,2017/ATIB00/I/50001/52099/0000/00000,Sí,3.3
2017,ATIB00,I,2017/ATIB00/50001,,2017/ATIB00/75000,,2017/ATIB00/00000,2017/ATIB00/I/50001/75000/0000/00000,No,90000
2017,SSIB00,I,2017/SSIB00/60001,,2017/SSIB00/30307,,2017/SSIB00/00000,2017/SSIB00/I/60001/30307/0000/00000,Sí,58224.27
2017,SSIB00,I,2017/SSIB00/60001,,2017/SSIB00/31902,,2017/SSIB00/00000,2017/SSIB00/I/60001/31902/0000/00000,Sí,7990
2017,SSIB00,I,2017/SSIB00/60001,,2017/SSIB00/31903,,2017/SSIB00/00000,2017/SSIB00/I/60001/31903/0000/00000,Sí,289
2017,SSIB00,I,2017/SSIB00/60001,,2017/SSIB00/31918,,2017/SSIB00/00000,2017/SSIB00/I/60001/31918/0000/00000,Sí,120071.85
2017,SSIB00,I,2017/SSIB00/60001,,2017/SSIB00/32700,,2017/SSIB00/00000,2017/SSIB00/I/60001/32700/0000/00000,Sí,164.78
2017,SSIB00,I,2017/SSIB00/60001,,2017/SSIB00/38000,,2017/SSIB00/00000,2017/SSIB00/I/60001/38000/0000/00000,Sí,38669.97
2017,SSIB00,I,2017/SSIB00/60001,,2017/SSIB00/38100,,2017/SSIB00/00000,2017/SSIB00/I/60001/38100/0000/00000,Sí,416937.89
2017,SSIB00,I,2017/SSIB00/60001,,2017/SSIB00/38101,,2017/SSIB00/00000,2017/SSIB00/I/60001/38101/0000/00000,Sí,5020.88
2017,SSIB00,I,2017/SSIB00/60001,,2017/SSIB00/39100,,2017/SSIB00/00000,2017/SSIB00/I/60001/39100/0000/00000,Sí,416012.67
2017,SSIB00,I,2017/SSIB00/60001,,2017/SSIB00/39101,,2017/SSIB00/00000,2017/SSIB00/I/60001/39101/0000/00000,Sí,54661.03
2017,SSIB00,I,2017/SSIB00/60001,,2017/SSIB00/39996,,2017/SSIB00/00000,2017/SSIB00/I/60001/39996/0000/00000,Sí,11433.93
2017,SSIB00,I,2017/SSIB00/60001,,2017/SSIB00/39998,,2017/SSIB00/00000,2017/SSIB00/I/60001/39998/0000/00000,Sí,3907.64
2017,SSIB00,I,2017/SSIB00/60001,,2017/SSIB00/39999,,2017/SSIB00/00000,2017/SSIB00/I/60001/39999/0000/00000,Sí,3561045.16
2017,SSIB00,I,2017/SSIB00/60001,,2017/SSIB00/44113,,2017/SSIB00/00000,2017/SSIB00/I/60001/44113/0000/00000,No,6007.8
2017,SSIB00,I,2017/SSIB00/60001,,2017/SSIB00/44400,,2017/SSIB00/00000,2017/SSIB00/I/60001/44400/0000/00000,Sí,9219.6
2017,SSIB00,I,2017/SSIB00/60001,,2017/SSIB00/45000,,2017/SSIB00/00000,2017/SSIB00/I/60001/45000/0000/00000,No,1455058767.13
2017,SSIB00,I,2017/SSIB00/60001,,2017/SSIB00/45000,,2017/SSIB00/17007,2017/SSIB00/I/60001/45000/0000/17007,No,180000
2017,SSIB00,I,2017/SSIB00/60001,,2017/SSIB00/45000,,2017/SSIB00/17034,2017/SSIB00/I/60001/45000/0000/17034,No,281292
2017,SSIB00,I,2017/SSIB00/60001,,2017/SSIB00/45000,,2017/SSIB00/17035,2017/SSIB00/I/60001/45000/0000/17035,No,47819.16
2017,SSIB00,I,2017/SSIB00/60001,,2017/SSIB00/45000,,2017/SSIB00/17037,2017/SSIB00/I/60001/45000/0000/17037,No,68027
2017,SSIB00,I,2017/SSIB00/60001,,2017/SSIB00/45000,,2017/SSIB00/17038,2017/SSIB00/I/60001/45000/0000/17038,No,10000
2017,SSIB00,I,2017/SSIB00/60001,,2017/SSIB00/45000,,2017/SSIB00/17071,2017/SSIB00/I/60001/45000/0000/17071,No,34115
2017,SSIB00,I,2017/SSIB00/60001,,2017/SSIB00/45000,,2017/SSIB00/17072,2017/SSIB00/I/60001/45000/0000/17072,No,19025.62
2017,SSIB00,I,2017/SSIB00/60001,,2017/SSIB00/45000,,2017/SSIB00/17078,2017/SSIB00/I/60001/45000/0000/17078,No,15774
2017,SSIB00,I,2017/SSIB00/60001,,2017/SSIB00/45001,,2017/SSIB00/17018,2017/SSIB00/I/60001/45001/0000/17018,No,23689548.06
2017,SSIB00,I,2017/SSIB00/60001,,2017/SSIB00/45002,,2017/SSIB00/00000,2017/SSIB00/I/60001/45002/0000/00000,No,7281457.41
2017,SSIB00,I,2017/SSIB00/60001,,2017/SSIB00/45002,,2017/SSIB00/17019,2017/SSIB00/I/60001/45002/0000/17019,No,
2017,SSIB00,I,2017/SSIB00/60001,,2017/SSIB00/47000,,2017/SSIB00/00000,2017/SSIB00/I/60001/47000/0000/00000,Sí,6000
2017,SSIB00,I,2017/SSIB00/60001,,2017/SSIB00/52099,,2017/SSIB00/00000,2017/SSIB00/I/60001/52099/0000/00000,Sí,6437.34
2017,SSIB00,I,2017/SSIB00/60001,,2017/SSIB00/75000,,2017/SSIB00/00000,2017/SSIB00/I/60001/75000/0000/00000,No,28785958
2017,SSIB00,I,2017/SSIB00/60101,,2017/SSIB00/31901,,2017/SSIB00/00000,2017/SSIB00/I/60101/31901/0000/00000,Sí,2673924.74
2017,SSIB00,I,2017/SSIB00/60101,,2017/SSIB00/31902,,2017/SSIB00/00000,2017/SSIB00/I/60101/31902/0000/00000,Sí,2486133.43
2017,SSIB00,I,2017/SSIB00/60101,,2017/SSIB00/31903,,2017/SSIB00/00000,2017/SSIB00/I/60101/31903/0000/00000,Sí,611111
2017,SSIB00,I,2017/SSIB00/60101,,2017/SSIB00/31904,,2017/SSIB00/00000,2017/SSIB00/I/60101/31904/0000/00000,Sí,1628868.58
2017,SSIB00,I,2017/SSIB00/60101,,2017/SSIB00/31908,,2017/SSIB00/00000,2017/SSIB00/I/60101/31908/0000/00000,Sí,50316
2017,SSIB00,I,2017/SSIB00/60101,,2017/SSIB00/31910,,2017/SSIB00/00000,2017/SSIB00/I/60101/31910/0000/00000,Sí,902737.9
2017,SSIB00,I,2017/SSIB00/60101,,2017/SSIB00/31917,,2017/SSIB00/00000,2017/SSIB00/I/60101/31917/0000/00000,Sí,39229.76
2017,SSIB00,I,2017/SSIB00/60101,,2017/SSIB00/33300,,2017/SSIB00/00000,2017/SSIB00/I/60101/33300/0000/00000,Sí,17233.66
2017,SSIB00,I,2017/SSIB00/60101,,2017/SSIB00/38000,,2017/SSIB00/00000,2017/SSIB00/I/60101/38000/0000/00000,Sí,47821.43
2017,SSIB00,I,2017/SSIB00/60101,,2017/SSIB00/38100,,2017/SSIB00/00000,2017/SSIB00/I/60101/38100/0000/00000,Sí,5145.63
2017,SSIB00,I,2017/SSIB00/60101,,2017/SSIB00/38101,,2017/SSIB00/00000,2017/SSIB00/I/60101/38101/0000/00000,Sí,9836
2017,SSIB00,I,2017/SSIB00/60101,,2017/SSIB00/39996,,2017/SSIB00/00000,2017/SSIB00/I/60101/39996/0000/00000,Sí,1802.98
2017,SSIB00,I,2017/SSIB00/60101,,2017/SSIB00/39999,,2017/SSIB00/00000,2017/SSIB00/I/60101/39999/0000/00000,Sí,9958.72
2017,SSIB00,I,2017/SSIB00/60201,,2017/SSIB00/31901,,2017/SSIB00/00000,2017/SSIB00/I/60201/31901/0000/00000,Sí,70252.34
2017,SSIB00,I,2017/SSIB00/60201,,2017/SSIB00/31902,,2017/SSIB00/00000,2017/SSIB00/I/60201/31902/0000/00000,Sí,195877.85
2017,SSIB00,I,2017/SSIB00/60201,,2017/SSIB00/31903,,2017/SSIB00/00000,2017/SSIB00/I/60201/31903/0000/00000,Sí,171107.87
2017,SSIB00,I,2017/SSIB00/60201,,2017/SSIB00/31904,,2017/SSIB00/00000,2017/SSIB00/I/60201/31904/0000/00000,Sí,255061
2017,SSIB00,I,2017/SSIB00/60201,,2017/SSIB00/31908,,2017/SSIB00/00000,2017/SSIB00/I/60201/31908/0000/00000,Sí,4941
2017,SSIB00,I,2017/SSIB00/60201,,2017/SSIB00/31910,,2017/SSIB00/00000,2017/SSIB00/I/60201/31910/0000/00000,Sí,202
2017,SSIB00,I,2017/SSIB00/60201,,2017/SSIB00/31917,,2017/SSIB00/00000,2017/SSIB00/I/60201/31917/0000/00000,Sí,782
2017,SSIB00,I,2017/SSIB00/60201,,2017/SSIB00/33300,,2017/SSIB00/00000,2017/SSIB00/I/60201/33300/0000/00000,Sí,3100
2017,SSIB00,I,2017/SSIB00/60201,,2017/SSIB00/38000,,2017/SSIB00/00000,2017/SSIB00/I/60201/38000/0000/00000,Sí,335.58
2017,SSIB00,I,2017/SSIB00/60201,,2017/SSIB00/38100,,2017/SSIB00/00000,2017/SSIB00/I/60201/38100/0000/00000,Sí,44.79
2017,SSIB00,I,2017/SSIB00/60201,,2017/SSIB00/38101,,2017/SSIB00/00000,2017/SSIB00/I/60201/38101/0000/00000,Sí,1361.89
2017,SSIB00,I,2017/SSIB00/60201,,2017/SSIB00/39996,,2017/SSIB00/00000,2017/SSIB00/I/60201/39996/0000/00000,Sí,3011.37
2017,SSIB00,I,2017/SSIB00/60201,,2017/SSIB00/39999,,2017/SSIB00/00000,2017/SSIB00/I/60201/39999/0000/00000,Sí,1365.75
2017,SSIB00,I,2017/SSIB00/60201,,2017/SSIB00/55001,,2017/SSIB00/00000,2017/SSIB00/I/60201/55001/0000/00000,Sí,38078.82
2017,SSIB00,I,2017/SSIB00/60301,,2017/SSIB00/31901,,2017/SSIB00/00000,2017/SSIB00/I/60301/31901/0000/00000,Sí,103226.14
2017,SSIB00,I,2017/SSIB00/60301,,2017/SSIB00/31902,,2017/SSIB00/00000,2017/SSIB00/I/60301/31902/0000/00000,Sí,1223300.72
2017,SSIB00,I,2017/SSIB00/60301,,2017/SSIB00/31903,,2017/SSIB00/00000,2017/SSIB00/I/60301/31903/0000/00000,Sí,491177.56
2017,SSIB00,I,2017/SSIB00/60301,,2017/SSIB00/31904,,2017/SSIB00/00000,2017/SSIB00/I/60301/31904/0000/00000,Sí,532201
2017,SSIB00,I,2017/SSIB00/60301,,2017/SSIB00/31908,,2017/SSIB00/00000,2017/SSIB00/I/60301/31908/0000/00000,Sí,77939.09
2017,SSIB00,I,2017/SSIB00/60301,,2017/SSIB00/31910,,2017/SSIB00/00000,2017/SSIB00/I/60301/31910/0000/00000,Sí,37227.49
2017,SSIB00,I,2017/SSIB00/60301,,2017/SSIB00/31917,,2017/SSIB00/00000,2017/SSIB00/I/60301/31917/0000/00000,Sí,16154.82
2017,SSIB00,I,2017/SSIB00/60301,,2017/SSIB00/38000,,2017/SSIB00/00000,2017/SSIB00/I/60301/38000/0000/00000,Sí,20611.13
2017,SSIB00,I,2017/SSIB00/60301,,2017/SSIB00/38100,,2017/SSIB00/00000,2017/SSIB00/I/60301/38100/0000/00000,Sí,5741.3
2017,SSIB00,I,2017/SSIB00/60301,,2017/SSIB00/38101,,2017/SSIB00/00000,2017/SSIB00/I/60301/38101/0000/00000,Sí,2250.57
2017,SSIB00,I,2017/SSIB00/60301,,2017/SSIB00/39996,,2017/SSIB00/00000,2017/SSIB00/I/60301/39996/0000/00000,Sí,2335.15
2017,SSIB00,I,2017/SSIB00/60301,,2017/SSIB00/39999,,2017/SSIB00/00000,2017/SSIB00/I/60301/39999/0000/00000,Sí,3390.02
2017,SSIB00,I,2017/SSIB00/60301,,2017/SSIB00/55001,,2017/SSIB00/00000,2017/SSIB00/I/60301/55001/0000/00000,Sí,38976
2017,SSIB00,I,2017/SSIB00/60401,,2017/SSIB00/31901,,2017/SSIB00/00000,2017/SSIB00/I/60401/31901/0000/00000,Sí,6183
2017,SSIB00,I,2017/SSIB00/60401,,2017/SSIB00/31902,,2017/SSIB00/00000,2017/SSIB00/I/60401/31902/0000/00000,Sí,267450.88
2017,SSIB00,I,2017/SSIB00/60401,,2017/SSIB00/31903,,2017/SSIB00/00000,2017/SSIB00/I/60401/31903/0000/00000,Sí,357162.56
2017,SSIB00,I,2017/SSIB00/60401,,2017/SSIB00/31904,,2017/SSIB00/00000,2017/SSIB00/I/60401/31904/0000/00000,Sí,208422.5
2017,SSIB00,I,2017/SSIB00/60401,,2017/SSIB00/31908,,2017/SSIB00/00000,2017/SSIB00/I/60401/31908/0000/00000,Sí,1716
2017,SSIB00,I,2017/SSIB00/60401,,2017/SSIB00/31910,,2017/SSIB00/00000,2017/SSIB00/I/60401/31910/0000/00000,Sí,284
2017,SSIB00,I,2017/SSIB00/60401,,2017/SSIB00/31917,,2017/SSIB00/00000,2017/SSIB00/I/60401/31917/0000/00000,Sí,1364.5
2017,SSIB00,I,2017/SSIB00/60401,,2017/SSIB00/32704,,2017/SSIB00/00000,2017/SSIB00/I/60401/32704/0000/00000,Sí,611643.41
2017,SSIB00,I,2017/SSIB00/60401,,2017/SSIB00/38000,,2017/SSIB00/00000,2017/SSIB00/I/60401/38000/0000/00000,Sí,14977.46
2017,SSIB00,I,2017/SSIB00/60401,,2017/SSIB00/38100,,2017/SSIB00/00000,2017/SSIB00/I/60401/38100/0000/00000,Sí,-4174.52
2017,SSIB00,I,2017/SSIB00/60401,,2017/SSIB00/38101,,2017/SSIB00/00000,2017/SSIB00/I/60401/38101/0000/00000,Sí,384.1
2017,SSIB00,I,2017/SSIB00/60401,,2017/SSIB00/39999,,2017/SSIB00/00000,2017/SSIB00/I/60401/39999/0000/00000,Sí,2743.1
2017,SSIB00,I,2017/SSIB00/60501,,2017/SSIB00/31901,,2017/SSIB00/00000,2017/SSIB00/I/60501/31901/0000/00000,Sí,57302.5
2017,SSIB00,I,2017/SSIB00/60501,,2017/SSIB00/31902,,2017/SSIB00/00000,2017/SSIB00/I/60501/31902/0000/00000,Sí,282569.59
2017,SSIB00,I,2017/SSIB00/60501,,2017/SSIB00/31903,,2017/SSIB00/00000,2017/SSIB00/I/60501/31903/0000/00000,Sí,127079.58
2017,SSIB00,I,2017/SSIB00/60501,,2017/SSIB00/31904,,2017/SSIB00/00000,2017/SSIB00/I/60501/31904/0000/00000,Sí,44543
2017,SSIB00,I,2017/SSIB00/60501,,2017/SSIB00/31908,,2017/SSIB00/00000,2017/SSIB00/I/60501/31908/0000/00000,Sí,8804
2017,SSIB00,I,2017/SSIB00/60501,,2017/SSIB00/31917,,2017/SSIB00/00000,2017/SSIB00/I/60501/31917/0000/00000,Sí,9796.97
2017,SSIB00,I,2017/SSIB00/60501,,2017/SSIB00/38000,,2017/SSIB00/00000,2017/SSIB00/I/60501/38000/0000/00000,Sí,14817.33
2017,SSIB00,I,2017/SSIB00/60501,,2017/SSIB00/39999,,2017/SSIB00/00000,2017/SSIB00/I/60501/39999/0000/00000,Sí,
2017,SSIB00,I,2017/SSIB00/60601,,2017/SSIB00/31901,,2017/SSIB00/00000,2017/SSIB00/I/60601/31901/0000/00000,Sí,198748.58
2017,SSIB00,I,2017/SSIB00/60601,,2017/SSIB00/31902,,2017/SSIB00/00000,2017/SSIB00/I/60601/31902/0000/00000,Sí,390994.12
2017,SSIB00,I,2017/SSIB00/60601,,2017/SSIB00/31903,,2017/SSIB00/00000,2017/SSIB00/I/60601/31903/0000/00000,Sí,103948.25
2017,SSIB00,I,2017/SSIB00/60601,,2017/SSIB00/31904,,2017/SSIB00/00000,2017/SSIB00/I/60601/31904/0000/00000,Sí,166004
2017,SSIB00,I,2017/SSIB00/60601,,2017/SSIB00/31908,,2017/SSIB00/00000,2017/SSIB00/I/60601/31908/0000/00000,Sí,3874.95
2017,SSIB00,I,2017/SSIB00/60601,,2017/SSIB00/31917,,2017/SSIB00/00000,2017/SSIB00/I/60601/31917/0000/00000,Sí,
2017,SSIB00,I,2017/SSIB00/60601,,2017/SSIB00/38000,,2017/SSIB00/00000,2017/SSIB00/I/60601/38000/0000/00000,Sí,9918.06
2017,SSIB00,I,2017/SSIB00/60601,,2017/SSIB00/38100,,2017/SSIB00/00000,2017/SSIB00/I/60601/38100/0000/00000,Sí,32764.65
2017,SSIB00,I,2017/SSIB00/60601,,2017/SSIB00/39996,,2017/SSIB00/00000,2017/SSIB00/I/60601/39996/0000/00000,Sí,7181.57
2017,SSIB00,I,2017/SSIB00/60601,,2017/SSIB00/39999,,2017/SSIB00/00000,2017/SSIB00/I/60601/39999/0000/00000,Sí,150
2017,SSIB00,I,2017/SSIB00/60601,,2017/SSIB00/55001,,2017/SSIB00/00000,2017/SSIB00/I/60601/55001/0000/00000,Sí,42735.08
2017,SSIB00,I,2017/SSIB00/60701,,2017/SSIB00/31901,,2017/SSIB00/00000,2017/SSIB00/I/60701/31901/0000/00000,Sí,32394
2017,SSIB00,I,2017/SSIB00/60701,,2017/SSIB00/31902,,2017/SSIB00/00000,2017/SSIB00/I/60701/31902/0000/00000,Sí,360064.41
2017,SSIB00,I,2017/SSIB00/60701,,2017/SSIB00/31903,,2017/SSIB00/00000,2017/SSIB00/I/60701/31903/0000/00000,Sí,194100.48
2017,SSIB00,I,2017/SSIB00/60701,,2017/SSIB00/31904,,2017/SSIB00/00000,2017/SSIB00/I/60701/31904/0000/00000,Sí,508980.29
2017,SSIB00,I,2017/SSIB00/60701,,2017/SSIB00/31908,,2017/SSIB00/00000,2017/SSIB00/I/60701/31908/0000/00000,Sí,5194
2017,SSIB00,I,2017/SSIB00/60701,,2017/SSIB00/38000,,2017/SSIB00/00000,2017/SSIB00/I/60701/38000/0000/00000,Sí,50673.74
2017,SSIB00,I,2017/SSIB00/60701,,2017/SSIB00/38100,,2017/SSIB00/00000,2017/SSIB00/I/60701/38100/0000/00000,Sí,8458.26
2017,SSIB00,I,2017/SSIB00/60701,,2017/SSIB00/38101,,2017/SSIB00/00000,2017/SSIB00/I/60701/38101/0000/00000,Sí,2550.42
2017,SSIB00,I,2017/SSIB00/60701,,2017/SSIB00/39996,,2017/SSIB00/00000,2017/SSIB00/I/60701/39996/0000/00000,Sí,546.95
2017,SSIB00,I,2017/SSIB00/60701,,2017/SSIB00/39999,,2017/SSIB00/00000,2017/SSIB00/I/60701/39999/0000/00000,Sí,3.84
2017,SSIB00,I,2017/SSIB00/60701,,2017/SSIB00/55000,,2017/SSIB00/00000,2017/SSIB00/I/60701/55000/0000/00000,Sí,151302.78
2017,SSIB00,I,2017/SSIB00/60701,,2017/SSIB00/55001,,2017/SSIB00/00000,2017/SSIB00/I/60701/55001/0000/00000,Sí,12950.04
2017,SSIB00,I,2017/SSIB00/60801,,2017/SSIB00/31901,,2017/SSIB00/00000,2017/SSIB00/I/60801/31901/0000/00000,Sí,80161.68
2017,SSIB00,I,2017/SSIB00/60801,,2017/SSIB00/31902,,2017/SSIB00/00000,2017/SSIB00/I/60801/31902/0000/00000,Sí,193667.16
2017,SSIB00,I,2017/SSIB00/60801,,2017/SSIB00/31903,,2017/SSIB00/00000,2017/SSIB00/I/60801/31903/0000/00000,Sí,179860.36
2017,SSIB00,I,2017/SSIB00/60801,,2017/SSIB00/31904,,2017/SSIB00/00000,2017/SSIB00/I/60801/31904/0000/00000,Sí,302580.32
2017,SSIB00,I,2017/SSIB00/60801,,2017/SSIB00/31908,,2017/SSIB00/00000,2017/SSIB00/I/60801/31908/0000/00000,Sí,28001
2017,SSIB00,I,2017/SSIB00/60801,,2017/SSIB00/33300,,2017/SSIB00/00000,2017/SSIB00/I/60801/33300/0000/00000,Sí,24618.96
2017,SSIB00,I,2017/SSIB00/60801,,2017/SSIB00/38100,,2017/SSIB00/00000,2017/SSIB00/I/60801/38100/0000/00000,Sí,8365.91
2017,SSIB00,I,2017/SSIB00/60801,,2017/SSIB00/38101,,2017/SSIB00/00000,2017/SSIB00/I/60801/38101/0000/00000,Sí,3155.3
2017,SSIB00,I,2017/SSIB00/60801,,2017/SSIB00/39996,,2017/SSIB00/00000,2017/SSIB00/I/60801/39996/0000/00000,Sí,3218.36
2017,SSIB00,I,2017/SSIB00/60801,,2017/SSIB00/39999,,2017/SSIB00/00000,2017/SSIB00/I/60801/39999/0000/00000,Sí,4540.53
2017,SSIB00,I,2017/SSIB00/60801,,2017/SSIB00/55001,,2017/SSIB00/00000,2017/SSIB00/I/60801/55001/0000/00000,Sí,63895.29
2017,SSIB00,I,2017/SSIB00/60901,,2017/SSIB00/31901,,2017/SSIB00/00000,2017/SSIB00/I/60901/31901/0000/00000,Sí,839928.37
2017,SSIB00,I,2017/SSIB00/60901,,2017/SSIB00/31902,,2017/SSIB00/00000,2017/SSIB00/I/60901/31902/0000/00000,Sí,337714
2017,SSIB00,I,2017/SSIB00/60901,,2017/SSIB00/31903,,2017/SSIB00/00000,2017/SSIB00/I/60901/31903/0000/00000,Sí,155778
2017,SSIB00,I,2017/SSIB00/60901,,2017/SSIB00/31904,,2017/SSIB00/00000,2017/SSIB00/I/60901/31904/0000/00000,Sí,447419
2017,SSIB00,I,2017/SSIB00/60901,,2017/SSIB00/31908,,2017/SSIB00/00000,2017/SSIB00/I/60901/31908/0000/00000,Sí,13107
2017,SSIB00,I,2017/SSIB00/60901,,2017/SSIB00/31910,,2017/SSIB00/00000,2017/SSIB00/I/60901/31910/0000/00000,Sí,857
2017,SSIB00,I,2017/SSIB00/60901,,2017/SSIB00/39999,,2017/SSIB00/00000,2017/SSIB00/I/60901/39999/0000/00000,Sí,
2017,SSIB00,I,2017/SSIB00/60901,,2017/SSIB00/55001,,2017/SSIB00/00000,2017/SSIB00/I/60901/55001/0000/00000,Sí,818.18
,,,,,,,,,,6496342808.92
