2018,AGIB00,I,2018/AGIB00/11201,,2018/AGIB00/33001,,00000,2018/AGIB00/I/11201/33001/0000/00000,Sí,342970
2018,AGIB00,I,2018/AGIB00/11201,,2018/AGIB00/33099,,00000,2018/AGIB00/I/11201/33099/0000/00000,Sí,3990
2018,AGIB00,I,2018/AGIB00/11601,,2018/AGIB00/32999,,00000,2018/AGIB00/I/11601/32999/0000/00000,Sí,58800
2018,AGIB00,I,2018/AGIB00/11601,,2018/AGIB00/39905,,00000,2018/AGIB00/I/11601/39905/0000/00000,Sí,86060
2018,AGIB00,I,2018/AGIB00/11701,,2018/AGIB00/30901,,00000,2018/AGIB00/I/11701/30901/0000/00000,Sí,36890
2018,AGIB00,I,2018/AGIB00/12101,,2018/AGIB00/30315,,00000,2018/AGIB00/I/12101/30315/0000/00000,Sí,200
2018,AGIB00,I,2018/AGIB00/12101,,2018/AGIB00/30902,,00000,2018/AGIB00/I/12101/30902/0000/00000,Sí,2550760
2018,AGIB00,I,2018/AGIB00/12101,,2018/AGIB00/39102,,00000,2018/AGIB00/I/12101/39102/0000/00000,Sí,935420
2018,AGIB00,I,2018/AGIB00/12601,,2018/AGIB00/30101,,00000,2018/AGIB00/I/12601/30101/0000/00000,Sí,30
2018,AGIB00,I,2018/AGIB00/13101,,2018/AGIB00/55900,,00000,2018/AGIB00/I/13101/55900/0000/00000,Sí,109630
2018,AGIB00,I,2018/AGIB00/13501,,2018/AGIB00/30301,,00000,2018/AGIB00/I/13501/30301/0000/00000,Sí,769800
2018,AGIB00,I,2018/AGIB00/13501,,2018/AGIB00/30302,,00000,2018/AGIB00/I/13501/30302/0000/00000,Sí,1234860
2018,AGIB00,I,2018/AGIB00/13501,,2018/AGIB00/30305,,00000,2018/AGIB00/I/13501/30305/0000/00000,Sí,831150
2018,AGIB00,I,2018/AGIB00/13501,,2018/AGIB00/30317,,00000,2018/AGIB00/I/13501/30317/0000/00000,Sí,46160
2018,AGIB00,I,2018/AGIB00/13501,,2018/AGIB00/39999,,00000,2018/AGIB00/I/13501/39999/0000/00000,Sí,3010
2018,AGIB00,I,2018/AGIB00/13701,,2018/AGIB00/30306,,00000,2018/AGIB00/I/13701/30306/0000/00000,Sí,222580
2018,AGIB00,I,2018/AGIB00/13701,,2018/AGIB00/40000,,00000,2018/AGIB00/I/13701/40000/0000/00000,Sí,4794300
2018,AGIB00,I,2018/AGIB00/13801,,2018/AGIB00/30303,,00000,2018/AGIB00/I/13801/30303/0000/00000,Sí,296440
2018,AGIB00,I,2018/AGIB00/13901,,2018/AGIB00/30318,,00000,2018/AGIB00/I/13901/30318/0000/00000,Sí,87920
2018,AGIB00,I,2018/AGIB00/13901,,2018/AGIB00/30320,,00000,2018/AGIB00/I/13901/30320/0000/00000,Sí,83130
2018,AGIB00,I,2018/AGIB00/13901,,2018/AGIB00/49200,,00000,2018/AGIB00/I/13901/49200/0000/00000,Sí,38930
2018,AGIB00,I,2018/AGIB00/14101,,2018/AGIB00/54002,,00000,2018/AGIB00/I/14101/54002/0000/00000,Sí,60
2018,AGIB00,I,2018/AGIB00/14101,,2018/AGIB00/55000,,00000,2018/AGIB00/I/14101/55000/0000/00000,Sí,8660
2018,AGIB00,I,2018/AGIB00/14301,,2018/AGIB00/30979,,00000,2018/AGIB00/I/14301/30979/0000/00000,Sí,20760
2018,AGIB00,I,2018/AGIB00/14301,,2018/AGIB00/39102,,00000,2018/AGIB00/I/14301/39102/0000/00000,Sí,200000
2018,AGIB00,I,2018/AGIB00/14601,,2018/AGIB00/54002,,00000,2018/AGIB00/I/14601/54002/0000/00000,Sí,3867510
2018,AGIB00,I,2018/AGIB00/14601,,2018/AGIB00/60000,,00000,2018/AGIB00/I/14601/60000/0000/00000,Sí,3672190
2018,AGIB00,I,2018/AGIB00/14601,,2018/AGIB00/61900,,00000,2018/AGIB00/I/14601/61900/0000/00000,Sí,4819920
2018,AGIB00,I,2018/AGIB00/15101,,2018/AGIB00/30904,,00000,2018/AGIB00/I/15101/30904/0000/00000,Sí,420
2018,AGIB00,I,2018/AGIB00/15101,,2018/AGIB00/30905,,00000,2018/AGIB00/I/15101/30905/0000/00000,Sí,420
2018,AGIB00,I,2018/AGIB00/15101,,2018/AGIB00/30908,,00000,2018/AGIB00/I/15101/30908/0000/00000,Sí,44370
2018,AGIB00,I,2018/AGIB00/15101,,2018/AGIB00/30999,,00000,2018/AGIB00/I/15101/30999/0000/00000,Sí,420
2018,AGIB00,I,2018/AGIB00/15101,,2018/AGIB00/39102,,00000,2018/AGIB00/I/15101/39102/0000/00000,Sí,420
2018,AGIB00,I,2018/AGIB00/15101,,2018/AGIB00/39999,,00000,2018/AGIB00/I/15101/39999/0000/00000,Sí,1230
2018,AGIB00,I,2018/AGIB00/15201,,2018/AGIB00/30911,,00000,2018/AGIB00/I/15201/30911/0000/00000,Sí,173840
2018,AGIB00,I,2018/AGIB00/15201,,2018/AGIB00/30912,,00000,2018/AGIB00/I/15201/30912/0000/00000,Sí,26900
2018,AGIB00,I,2018/AGIB00/15201,,2018/AGIB00/30913,,00000,2018/AGIB00/I/15201/30913/0000/00000,Sí,33850
2018,AGIB00,I,2018/AGIB00/15201,,2018/AGIB00/30914,,00000,2018/AGIB00/I/15201/30914/0000/00000,Sí,1290
2018,AGIB00,I,2018/AGIB00/15201,,2018/AGIB00/30916,,00000,2018/AGIB00/I/15201/30916/0000/00000,Sí,640
2018,AGIB00,I,2018/AGIB00/15201,,2018/AGIB00/30917,,00000,2018/AGIB00/I/15201/30917/0000/00000,Sí,28050
2018,AGIB00,I,2018/AGIB00/15201,,2018/AGIB00/30918,,00000,2018/AGIB00/I/15201/30918/0000/00000,Sí,60
2018,AGIB00,I,2018/AGIB00/15201,,2018/AGIB00/30919,,00000,2018/AGIB00/I/15201/30919/0000/00000,Sí,60
2018,AGIB00,I,2018/AGIB00/15201,,2018/AGIB00/30920,,00000,2018/AGIB00/I/15201/30920/0000/00000,Sí,60
2018,AGIB00,I,2018/AGIB00/15201,,2018/AGIB00/30921,,00000,2018/AGIB00/I/15201/30921/0000/00000,Sí,60
2018,AGIB00,I,2018/AGIB00/15201,,2018/AGIB00/30922,,00000,2018/AGIB00/I/15201/30922/0000/00000,Sí,60
2018,AGIB00,I,2018/AGIB00/15201,,2018/AGIB00/30923,,00000,2018/AGIB00/I/15201/30923/0000/00000,Sí,60
2018,AGIB00,I,2018/AGIB00/15201,,2018/AGIB00/30924,,00000,2018/AGIB00/I/15201/30924/0000/00000,Sí,60
2018,AGIB00,I,2018/AGIB00/15201,,2018/AGIB00/30927,,00000,2018/AGIB00/I/15201/30927/0000/00000,Sí,240
2018,AGIB00,I,2018/AGIB00/15201,,2018/AGIB00/30999,,00000,2018/AGIB00/I/15201/30999/0000/00000,Sí,240
2018,AGIB00,I,2018/AGIB00/15201,,2018/AGIB00/39102,,00000,2018/AGIB00/I/15201/39102/0000/00000,Sí,375840
2018,AGIB00,I,2018/AGIB00/15301,,2018/AGIB00/30928,,00000,2018/AGIB00/I/15301/30928/0000/00000,Sí,48410
2018,AGIB00,I,2018/AGIB00/15301,,2018/AGIB00/30993,,00000,2018/AGIB00/I/15301/30993/0000/00000,Sí,240
2018,AGIB00,I,2018/AGIB00/15301,,2018/AGIB00/30999,,00000,2018/AGIB00/I/15301/30999/0000/00000,Sí,18610
2018,AGIB00,I,2018/AGIB00/15301,,2018/AGIB00/39102,,00000,2018/AGIB00/I/15301/39102/0000/00000,Sí,94840
2018,AGIB00,I,2018/AGIB00/15301,,2018/AGIB00/55900,,00000,2018/AGIB00/I/15301/55900/0000/00000,Sí,60
2018,AGIB00,I,2018/AGIB00/15301,,2018/AGIB00/70100,,18054,2018/AGIB00/I/15301/70100/0000/18054,Sí,200000
2018,AGIB00,I,2018/AGIB00/15501,,2018/AGIB00/30968,,00000,2018/AGIB00/I/15501/30968/0000/00000,Sí,240
2018,AGIB00,I,2018/AGIB00/15501,,2018/AGIB00/30969,,00000,2018/AGIB00/I/15501/30969/0000/00000,Sí,51120
2018,AGIB00,I,2018/AGIB00/15501,,2018/AGIB00/30970,,00000,2018/AGIB00/I/15501/30970/0000/00000,Sí,240
2018,AGIB00,I,2018/AGIB00/15501,,2018/AGIB00/33400,,00000,2018/AGIB00/I/15501/33400/0000/00000,Sí,240
2018,AGIB00,I,2018/AGIB00/15501,,2018/AGIB00/39102,,00000,2018/AGIB00/I/15501/39102/0000/00000,Sí,251900
2018,AGIB00,I,2018/AGIB00/15501,,2018/AGIB00/70100,,15025,2018/AGIB00/I/15501/70100/0000/15025,Sí,26000
2018,AGIB00,I,2018/AGIB00/15501,,2018/AGIB00/70100,,15027,2018/AGIB00/I/15501/70100/0000/15027,Sí,28660
2018,AGIB00,I,2018/AGIB00/15501,,2018/AGIB00/70100,,16027,2018/AGIB00/I/15501/70100/0000/16027,Sí,28660
2018,AGIB00,I,2018/AGIB00/15501,,2018/AGIB00/79200,,16058,2018/AGIB00/I/15501/79200/0000/16058,Sí,45000
2018,AGIB00,I,2018/AGIB00/15501,,2018/AGIB00/70100,,17061,2018/AGIB00/I/15501/70100/0000/17061,Sí,28660
2018,AGIB00,I,2018/AGIB00/15501,,2018/AGIB00/70100,,17062,2018/AGIB00/I/15501/70100/0000/17062,Sí,26000
2018,AGIB00,I,2018/AGIB00/15501,,2018/AGIB00/70000,,18009,2018/AGIB00/I/15501/70000/0000/18009,Sí,70000
2018,AGIB00,I,2018/AGIB00/15501,,2018/AGIB00/70000,,18010,2018/AGIB00/I/15501/70000/0000/18010,Sí,9200
2018,AGIB00,I,2018/AGIB00/15501,,2018/AGIB00/70000,,18011,2018/AGIB00/I/15501/70000/0000/18011,Sí,205000
2018,AGIB00,I,2018/AGIB00/15501,,2018/AGIB00/70000,,18012,2018/AGIB00/I/15501/70000/0000/18012,Sí,180000
2018,AGIB00,I,2018/AGIB00/15501,,2018/AGIB00/70000,,18014,2018/AGIB00/I/15501/70000/0000/18014,Sí,20000
2018,AGIB00,I,2018/AGIB00/15501,,2018/AGIB00/70000,,18015,2018/AGIB00/I/15501/70000/0000/18015,Sí,19000
2018,AGIB00,I,2018/AGIB00/15501,,2018/AGIB00/70000,,18016,2018/AGIB00/I/15501/70000/0000/18016,Sí,35000
2018,AGIB00,I,2018/AGIB00/15501,,2018/AGIB00/70000,,18017,2018/AGIB00/I/15501/70000/0000/18017,Sí,600000
2018,AGIB00,I,2018/AGIB00/15601,,2018/AGIB00/30976,,00000,2018/AGIB00/I/15601/30976/0000/00000,Sí,240
2018,AGIB00,I,2018/AGIB00/15601,,2018/AGIB00/30977,,00000,2018/AGIB00/I/15601/30977/0000/00000,Sí,240
2018,AGIB00,I,2018/AGIB00/15601,,2018/AGIB00/30999,,00000,2018/AGIB00/I/15601/30999/0000/00000,Sí,1740
2018,AGIB00,I,2018/AGIB00/15601,,2018/AGIB00/39102,,00000,2018/AGIB00/I/15601/39102/0000/00000,Sí,154990
2018,AGIB00,I,2018/AGIB00/15901,,2018/AGIB00/30314,,00000,2018/AGIB00/I/15901/30314/0000/00000,Sí,12460
2018,AGIB00,I,2018/AGIB00/15901,,2018/AGIB00/30966,,00000,2018/AGIB00/I/15901/30966/0000/00000,Sí,342160
2018,AGIB00,I,2018/AGIB00/15901,,2018/AGIB00/30967,,00000,2018/AGIB00/I/15901/30967/0000/00000,Sí,2270
2018,AGIB00,I,2018/AGIB00/15901,,2018/AGIB00/30994,,00000,2018/AGIB00/I/15901/30994/0000/00000,Sí,820
2018,AGIB00,I,2018/AGIB00/15901,,2018/AGIB00/30995,,00000,2018/AGIB00/I/15901/30995/0000/00000,Sí,260
2018,AGIB00,I,2018/AGIB00/15901,,2018/AGIB00/30996,,00000,2018/AGIB00/I/15901/30996/0000/00000,Sí,940
2018,AGIB00,I,2018/AGIB00/15901,,2018/AGIB00/30999,,00000,2018/AGIB00/I/15901/30999/0000/00000,Sí,240
2018,AGIB00,I,2018/AGIB00/15901,,2018/AGIB00/39102,,00000,2018/AGIB00/I/15901/39102/0000/00000,Sí,13710
2018,AGIB00,I,2018/AGIB00/17101,,2018/AGIB00/32930,,00000,2018/AGIB00/I/17101/32930/0000/00000,Sí,37430
2018,AGIB00,I,2018/AGIB00/17201,,2018/AGIB00/40000,,00000,2018/AGIB00/I/17201/40000/0000/00000,Sí,1228410
2018,AGIB00,I,2018/AGIB00/17301,,2018/AGIB00/30991,,00000,2018/AGIB00/I/17301/30991/0000/00000,Sí,15090
2018,AGIB00,I,2018/AGIB00/17301,,2018/AGIB00/40000,,17001,2018/AGIB00/I/17301/40000/0000/17001,Sí,9940
2018,AGIB00,I,2018/AGIB00/17301,,2018/AGIB00/40201,,18303,2018/AGIB00/I/17301/40201/0000/18303,Sí,20000000
2018,AGIB00,I,2018/AGIB00/17301,,2018/AGIB00/40000,,18005,2018/AGIB00/I/17301/40000/0000/18005,Sí,8400
2018,AGIB00,I,2018/AGIB00/17401,,2018/AGIB00/40000,,18002,2018/AGIB00/I/17401/40000/0000/18002,Sí,700000
2018,AGIB00,I,2018/AGIB00/17401,,2018/AGIB00/40000,,18073,2018/AGIB00/I/17401/40000/0000/18073,Sí,3040910
2018,AGIB00,I,2018/AGIB00/18101,,2018/AGIB00/40261,,18018,2018/AGIB00/I/18101/40261/0000/18018,Sí,22500000
2018,AGIB00,I,2018/AGIB00/18101,,2018/AGIB00/40260,,18019,2018/AGIB00/I/18101/40260/0000/18019,Sí,8845860
2018,AGIB00,I,2018/AGIB00/18101,,2018/AGIB00/40000,,18036,2018/AGIB00/I/18101/40000/0000/18036,Sí,6000
2018,AGIB00,I,2018/AGIB00/18101,,2018/AGIB00/40000,,18072,2018/AGIB00/I/18101/40000/0000/18072,Sí,20000
2018,AGIB00,I,2018/AGIB00/18201,,2018/AGIB00/30930,,00000,2018/AGIB00/I/18201/30930/0000/00000,Sí,19820
2018,AGIB00,I,2018/AGIB00/18201,,2018/AGIB00/30931,,00000,2018/AGIB00/I/18201/30931/0000/00000,Sí,60
2018,AGIB00,I,2018/AGIB00/18201,,2018/AGIB00/30932,,00000,2018/AGIB00/I/18201/30932/0000/00000,Sí,2770
2018,AGIB00,I,2018/AGIB00/18201,,2018/AGIB00/30950,,00000,2018/AGIB00/I/18201/30950/0000/00000,Sí,88500
2018,AGIB00,I,2018/AGIB00/18201,,2018/AGIB00/30951,,00000,2018/AGIB00/I/18201/30951/0000/00000,Sí,12950
2018,AGIB00,I,2018/AGIB00/18201,,2018/AGIB00/30952,,00000,2018/AGIB00/I/18201/30952/0000/00000,Sí,35900
2018,AGIB00,I,2018/AGIB00/18201,,2018/AGIB00/30954,,00000,2018/AGIB00/I/18201/30954/0000/00000,Sí,43770
2018,AGIB00,I,2018/AGIB00/18201,,2018/AGIB00/30956,,00000,2018/AGIB00/I/18201/30956/0000/00000,Sí,1110
2018,AGIB00,I,2018/AGIB00/18201,,2018/AGIB00/30958,,00000,2018/AGIB00/I/18201/30958/0000/00000,Sí,13820
2018,AGIB00,I,2018/AGIB00/18201,,2018/AGIB00/30959,,00000,2018/AGIB00/I/18201/30959/0000/00000,Sí,1570
2018,AGIB00,I,2018/AGIB00/18201,,2018/AGIB00/30960,,00000,2018/AGIB00/I/18201/30960/0000/00000,Sí,20510
2018,AGIB00,I,2018/AGIB00/18201,,2018/AGIB00/30980,,00000,2018/AGIB00/I/18201/30980/0000/00000,Sí,60
2018,AGIB00,I,2018/AGIB00/18201,,2018/AGIB00/30981,,00000,2018/AGIB00/I/18201/30981/0000/00000,Sí,650
2018,AGIB00,I,2018/AGIB00/18201,,2018/AGIB00/30982,,00000,2018/AGIB00/I/18201/30982/0000/00000,Sí,60
2018,AGIB00,I,2018/AGIB00/18201,,2018/AGIB00/30983,,00000,2018/AGIB00/I/18201/30983/0000/00000,Sí,60
2018,AGIB00,I,2018/AGIB00/18201,,2018/AGIB00/30985,,00000,2018/AGIB00/I/18201/30985/0000/00000,Sí,1800
2018,AGIB00,I,2018/AGIB00/18201,,2018/AGIB00/30986,,00000,2018/AGIB00/I/18201/30986/0000/00000,Sí,60
2018,AGIB00,I,2018/AGIB00/18201,,2018/AGIB00/30987,,00000,2018/AGIB00/I/18201/30987/0000/00000,Sí,5870
2018,AGIB00,I,2018/AGIB00/18201,,2018/AGIB00/33300,,00000,2018/AGIB00/I/18201/33300/0000/00000,Sí,60
2018,AGIB00,I,2018/AGIB00/18201,,2018/AGIB00/33901,,00000,2018/AGIB00/I/18201/33901/0000/00000,Sí,5060
2018,AGIB00,I,2018/AGIB00/18201,,2018/AGIB00/39102,,00000,2018/AGIB00/I/18201/39102/0000/00000,Sí,2853730
2018,AGIB00,I,2018/AGIB00/18201,,2018/AGIB00/40000,,18033,2018/AGIB00/I/18201/40000/0000/18033,Sí,26000
2018,AGIB00,I,2018/AGIB00/18201,,2018/AGIB00/40000,,18037,2018/AGIB00/I/18201/40000/0000/18037,Sí,260240
2018,AGIB00,I,2018/AGIB00/18201,,2018/AGIB00/40000,,18038,2018/AGIB00/I/18201/40000/0000/18038,Sí,291000
2018,AGIB00,I,2018/AGIB00/18201,,2018/AGIB00/40000,,18071,2018/AGIB00/I/18201/40000/0000/18071,Sí,31000
2018,AGIB00,I,2018/AGIB00/18301,,2018/AGIB00/40100,,18032,2018/AGIB00/I/18301/40100/0000/18032,Sí,18000
2018,AGIB00,I,2018/AGIB00/18401,,2018/AGIB00/30957,,00000,2018/AGIB00/I/18401/30957/0000/00000,Sí,27200
2018,AGIB00,I,2018/AGIB00/18401,,2018/AGIB00/33300,,00000,2018/AGIB00/I/18401/33300/0000/00000,Sí,4400
2018,AGIB00,I,2018/AGIB00/18401,,2018/AGIB00/40000,,18034,2018/AGIB00/I/18401/40000/0000/18034,Sí,560000
2018,AGIB00,I,2018/AGIB00/18401,,2018/AGIB00/40000,,18035,2018/AGIB00/I/18401/40000/0000/18035,Sí,84000
2018,AGIB00,I,2018/AGIB00/18501,,2018/AGIB00/30997,,00000,2018/AGIB00/I/18501/30997/0000/00000,Sí,10150
2018,AGIB00,I,2018/AGIB00/19301,,2018/AGIB00/30001,,00000,2018/AGIB00/I/19301/30001/0000/00000,Sí,423090
2018,AGIB00,I,2018/AGIB00/19301,,2018/AGIB00/30973,,00000,2018/AGIB00/I/19301/30973/0000/00000,Sí,60
2018,AGIB00,I,2018/AGIB00/19301,,2018/AGIB00/30974,,00000,2018/AGIB00/I/19301/30974/0000/00000,Sí,10270
2018,AGIB00,I,2018/AGIB00/19301,,2018/AGIB00/39102,,00000,2018/AGIB00/I/19301/39102/0000/00000,Sí,668320
2018,AGIB00,I,2018/AGIB00/19401,,2018/AGIB00/30971,,00000,2018/AGIB00/I/19401/30971/0000/00000,Sí,1318830
2018,AGIB00,I,2018/AGIB00/19401,,2018/AGIB00/30973,,00000,2018/AGIB00/I/19401/30973/0000/00000,Sí,320
2018,AGIB00,I,2018/AGIB00/19401,,2018/AGIB00/39102,,00000,2018/AGIB00/I/19401/39102/0000/00000,Sí,145840
2018,AGIB00,I,2018/AGIB00/19601,,2018/AGIB00/39102,,00000,2018/AGIB00/I/19601/39102/0000/00000,Sí,2374180
2018,AGIB00,I,2018/AGIB00/19601,,2018/AGIB00/40101,,18021,2018/AGIB00/I/19601/40101/0000/18021,Sí,5162700
2018,AGIB00,I,2018/AGIB00/19601,,2018/AGIB00/40000,,18024,2018/AGIB00/I/19601/40000/0000/18024,Sí,494400
2018,AGIB00,I,2018/AGIB00/25101,,2018/AGIB00/30904,,00000,2018/AGIB00/I/25101/30904/0000/00000,Sí,60
2018,AGIB00,I,2018/AGIB00/25101,,2018/AGIB00/30999,,00000,2018/AGIB00/I/25101/30999/0000/00000,Sí,60
2018,AGIB00,I,2018/AGIB00/25101,,2018/AGIB00/39999,,00000,2018/AGIB00/I/25101/39999/0000/00000,Sí,60
2018,AGIB00,I,2018/AGIB00/25201,,2018/AGIB00/30310,,00000,2018/AGIB00/I/25201/30310/0000/00000,Sí,4110
2018,AGIB00,I,2018/AGIB00/25201,,2018/AGIB00/30943,,00000,2018/AGIB00/I/25201/30943/0000/00000,Sí,314200
2018,AGIB00,I,2018/AGIB00/25201,,2018/AGIB00/30944,,00000,2018/AGIB00/I/25201/30944/0000/00000,Sí,114180
2018,AGIB00,I,2018/AGIB00/25201,,2018/AGIB00/39102,,00000,2018/AGIB00/I/25201/39102/0000/00000,Sí,968020
2018,AGIB00,I,2018/AGIB00/25201,,2018/AGIB00/70000,,15039,2018/AGIB00/I/25201/70000/0000/15039,Sí,3940000
2018,AGIB00,I,2018/AGIB00/25301,,2018/AGIB00/30904,,00000,2018/AGIB00/I/25301/30904/0000/00000,Sí,60
2018,AGIB00,I,2018/AGIB00/25301,,2018/AGIB00/30905,,00000,2018/AGIB00/I/25301/30905/0000/00000,Sí,60
2018,AGIB00,I,2018/AGIB00/25301,,2018/AGIB00/30910,,00000,2018/AGIB00/I/25301/30910/0000/00000,Sí,6120
2018,AGIB00,I,2018/AGIB00/25301,,2018/AGIB00/30919,,00000,2018/AGIB00/I/25301/30919/0000/00000,Sí,82170
2018,AGIB00,I,2018/AGIB00/25301,,2018/AGIB00/30999,,00000,2018/AGIB00/I/25301/30999/0000/00000,Sí,60
2018,AGIB00,I,2018/AGIB00/25301,,2018/AGIB00/39102,,00000,2018/AGIB00/I/25301/39102/0000/00000,Sí,16400
2018,AGIB00,I,2018/AGIB00/25401,,2018/AGIB00/30311,,00000,2018/AGIB00/I/25401/30311/0000/00000,Sí,413600
2018,AGIB00,I,2018/AGIB00/25401,,2018/AGIB00/30947,,00000,2018/AGIB00/I/25401/30947/0000/00000,Sí,248490
2018,AGIB00,I,2018/AGIB00/25401,,2018/AGIB00/30948,,00000,2018/AGIB00/I/25401/30948/0000/00000,Sí,240
2018,AGIB00,I,2018/AGIB00/25501,,2018/AGIB00/30946,,00000,2018/AGIB00/I/25501/30946/0000/00000,Sí,24070
2018,AGIB00,I,2018/AGIB00/25501,,2018/AGIB00/70000,,15030,2018/AGIB00/I/25501/70000/0000/15030,Sí,5822550
2018,AGIB00,I,2018/AGIB00/25501,,2018/AGIB00/79000,,15041,2018/AGIB00/I/25501/79000/0000/15041,Sí,150810
2018,AGIB00,I,2018/AGIB00/25501,,2018/AGIB00/79600,,15041,2018/AGIB00/I/25501/79600/0000/15041,Sí,60
2018,AGIB00,I,2018/AGIB00/25601,,2018/AGIB00/30904,,00000,2018/AGIB00/I/25601/30904/0000/00000,Sí,60
2018,AGIB00,I,2018/AGIB00/25601,,2018/AGIB00/30905,,00000,2018/AGIB00/I/25601/30905/0000/00000,Sí,60
2018,AGIB00,I,2018/AGIB00/25601,,2018/AGIB00/30907,,00000,2018/AGIB00/I/25601/30907/0000/00000,Sí,4460
2018,AGIB00,I,2018/AGIB00/25601,,2018/AGIB00/30973,,00000,2018/AGIB00/I/25601/30973/0000/00000,Sí,60
2018,AGIB00,I,2018/AGIB00/25601,,2018/AGIB00/30999,,00000,2018/AGIB00/I/25601/30999/0000/00000,Sí,60
2018,AGIB00,I,2018/AGIB00/25601,,2018/AGIB00/33200,,00000,2018/AGIB00/I/25601/33200/0000/00000,Sí,60
2018,AGIB00,I,2018/AGIB00/25601,,2018/AGIB00/39102,,00000,2018/AGIB00/I/25601/39102/0000/00000,Sí,60
2018,AGIB00,I,2018/AGIB00/26203,,2018/AGIB00/33200,,00000,2018/AGIB00/I/26203/33200/0000/00000,Sí,60
2018,AGIB00,I,2018/AGIB00/26208,,2018/AGIB00/33200,,00000,2018/AGIB00/I/26208/33200/0000/00000,Sí,4120
2018,AGIB00,I,2018/AGIB00/26208,,2018/AGIB00/33900,,00000,2018/AGIB00/I/26208/33900/0000/00000,Sí,810
2018,AGIB00,I,2018/AGIB00/26209,,2018/AGIB00/32920,,00000,2018/AGIB00/I/26209/32920/0000/00000,Sí,10010
2018,AGIB00,I,2018/AGIB00/26209,,2018/AGIB00/33099,,00000,2018/AGIB00/I/26209/33099/0000/00000,Sí,60
2018,AGIB00,I,2018/AGIB00/26210,,2018/AGIB00/32920,,00000,2018/AGIB00/I/26210/32920/0000/00000,Sí,60
2018,AGIB00,I,2018/AGIB00/26210,,2018/AGIB00/33099,,00000,2018/AGIB00/I/26210/33099/0000/00000,Sí,900
2018,AGIB00,I,2018/AGIB00/26211,,2018/AGIB00/32920,,00000,2018/AGIB00/I/26211/32920/0000/00000,Sí,6740
2018,AGIB00,I,2018/AGIB00/26401,,2018/AGIB00/30304,,00000,2018/AGIB00/I/26401/30304/0000/00000,Sí,214370
2018,AGIB00,I,2018/AGIB00/26501,,2018/AGIB00/30999,,00000,2018/AGIB00/I/26501/30999/0000/00000,Sí,10470
2018,AGIB00,I,2018/AGIB00/26501,,2018/AGIB00/39102,,00000,2018/AGIB00/I/26501/39102/0000/00000,Sí,18350
2018,AGIB00,I,2018/AGIB00/26502,,2018/AGIB00/32999,,00000,2018/AGIB00/I/26502/32999/0000/00000,Sí,197490
2018,AGIB00,I,2018/AGIB00/26502,,2018/AGIB00/39999,,00000,2018/AGIB00/I/26502/39999/0000/00000,Sí,770
2018,AGIB00,I,2018/AGIB00/26502,,2018/AGIB00/55900,,00000,2018/AGIB00/I/26502/55900/0000/00000,Sí,28080
2018,AGIB00,I,2018/AGIB00/31101,,2018/AGIB00/10000,,00000,2018/AGIB00/I/31101/10000/0000/00000,Sí,1002325440
2018,AGIB00,I,2018/AGIB00/31101,,2018/AGIB00/11000,,00000,2018/AGIB00/I/31101/11000/0000/00000,Sí,106794860
2018,AGIB00,I,2018/AGIB00/31101,,2018/AGIB00/11100,,00000,2018/AGIB00/I/31101/11100/0000/00000,Sí,71254120
2018,AGIB00,I,2018/AGIB00/31101,,2018/AGIB00/11200,,00000,2018/AGIB00/I/31101/11200/0000/00000,Sí,8653600
2018,AGIB00,I,2018/AGIB00/31101,,2018/AGIB00/20000,,00000,2018/AGIB00/I/31101/20000/0000/00000,Sí,512467680
2018,AGIB00,I,2018/AGIB00/31101,,2018/AGIB00/20001,,00000,2018/AGIB00/I/31101/20001/0000/00000,Sí,5820
2018,AGIB00,I,2018/AGIB00/31101,,2018/AGIB00/20100,,00000,2018/AGIB00/I/31101/20100/0000/00000,Sí,110304940
2018,AGIB00,I,2018/AGIB00/31101,,2018/AGIB00/20101,,00000,2018/AGIB00/I/31101/20101/0000/00000,Sí,454150
2018,AGIB00,I,2018/AGIB00/31101,,2018/AGIB00/21000,,00000,2018/AGIB00/I/31101/21000/0000/00000,Sí,1274349760
2018,AGIB00,I,2018/AGIB00/31101,,2018/AGIB00/22001,,00000,2018/AGIB00/I/31101/22001/0000/00000,Sí,5147090
2018,AGIB00,I,2018/AGIB00/31101,,2018/AGIB00/22003,,00000,2018/AGIB00/I/31101/22003/0000/00000,Sí,15319370
2018,AGIB00,I,2018/AGIB00/31101,,2018/AGIB00/22004,,00000,2018/AGIB00/I/31101/22004/0000/00000,Sí,173410050
2018,AGIB00,I,2018/AGIB00/31101,,2018/AGIB00/22005,,00000,2018/AGIB00/I/31101/22005/0000/00000,Sí,201502510
2018,AGIB00,I,2018/AGIB00/31101,,2018/AGIB00/22006,,00000,2018/AGIB00/I/31101/22006/0000/00000,Sí,20857670
2018,AGIB00,I,2018/AGIB00/31101,,2018/AGIB00/22007,,00000,2018/AGIB00/I/31101/22007/0000/00000,Sí,476730
2018,AGIB00,I,2018/AGIB00/31101,,2018/AGIB00/22008,,00000,2018/AGIB00/I/31101/22008/0000/00000,Sí,35974410
2018,AGIB00,I,2018/AGIB00/31101,,2018/AGIB00/22009,,00000,2018/AGIB00/I/31101/22009/0000/00000,Sí,34746240
2018,AGIB00,I,2018/AGIB00/31101,,2018/AGIB00/28100,,00000,2018/AGIB00/I/31101/28100/0000/00000,Sí,120000000
2018,AGIB00,I,2018/AGIB00/31101,,2018/AGIB00/28300,,00000,2018/AGIB00/I/31101/28300/0000/00000,Sí,85111980
2018,AGIB00,I,2018/AGIB00/31101,,2018/AGIB00/30000,,00000,2018/AGIB00/I/31101/30000/0000/00000,Sí,36410580
2018,AGIB00,I,2018/AGIB00/31101,,2018/AGIB00/39100,,00000,2018/AGIB00/I/31101/39100/0000/00000,Sí,1378520
2018,AGIB00,I,2018/AGIB00/31101,,2018/AGIB00/39101,,00000,2018/AGIB00/I/31101/39101/0000/00000,Sí,1584860
2018,AGIB00,I,2018/AGIB00/31101,,2018/AGIB00/39901,,00000,2018/AGIB00/I/31101/39901/0000/00000,Sí,497910
2018,AGIB00,I,2018/AGIB00/31101,,2018/AGIB00/40001,,00000,2018/AGIB00/I/31101/40001/0000/00000,Sí,-361861690
2018,AGIB00,I,2018/AGIB00/31101,,2018/AGIB00/40002,,00000,2018/AGIB00/I/31101/40002/0000/00000,Sí,-663735400
2018,AGIB00,I,2018/AGIB00/31101,,2018/AGIB00/40003,,00000,2018/AGIB00/I/31101/40003/0000/00000,Sí,588047140
2018,AGIB00,I,2018/AGIB00/31101,,2018/AGIB00/40009,,00000,2018/AGIB00/I/31101/40009/0000/00000,Sí,288501180
2018,AGIB00,I,2018/AGIB00/31101,,2018/AGIB00/52099,,00000,2018/AGIB00/I/31101/52099/0000/00000,Sí,129790
2018,AGIB00,I,2018/AGIB00/31101,,2018/AGIB00/59900,,00000,2018/AGIB00/I/31101/59900/0000/00000,Sí,648150
2018,AGIB00,I,2018/AGIB00/31101,,2018/AGIB00/70000,,15065,2018/AGIB00/I/31101/70000/0000/15065,Sí,120000000
2018,AGIB00,I,2018/AGIB00/31101,,2018/AGIB00/49000,,19113,2018/AGIB00/I/31101/49000/0000/19113,Sí,11700000
2018,AGIB00,I,2018/AGIB00/31101,,2018/AGIB00/49000,,19114,2018/AGIB00/I/31101/49000/0000/19114,Sí,12000000
2018,AGIB00,I,2018/AGIB00/31101,,2018/AGIB00/79000,,31108,2018/AGIB00/I/31101/79000/0000/31108,Sí,16077240
2018,AGIB00,I,2018/AGIB00/31101,,2018/AGIB00/79000,,31110,2018/AGIB00/I/31101/79000/0000/31110,Sí,19400000
2018,AGIB00,I,2018/AGIB00/34101,,2018/AGIB00/51400,,00000,2018/AGIB00/I/34101/51400/0000/00000,Sí,916820
2018,AGIB00,I,2018/AGIB00/34101,,2018/AGIB00/82007,,00000,2018/AGIB00/I/34101/82007/0000/00000,Sí,10000000
2018,AGIB00,I,2018/AGIB00/34101,,2018/AGIB00/82104,,00000,2018/AGIB00/I/34101/82104/0000/00000,Sí,23133220
2018,AGIB00,I,2018/AGIB00/34101,,2018/AGIB00/91100,,00000,2018/AGIB00/I/34101/91100/0000/00000,Sí,947891610
2018,AGIB00,I,2018/AGIB00/34101,,2018/AGIB00/91300,,00000,2018/AGIB00/I/34101/91300/0000/00000,Sí,60
2018,AGIB00,I,2018/AGIB00/73101,,2018/AGIB00/40000,,18028,2018/AGIB00/I/73101/40000/0000/18028,Sí,191000
2018,AGIB00,I,2018/AGIB00/73101,,2018/AGIB00/70000,,18028,2018/AGIB00/I/73101/70000/0000/18028,Sí,62000
2018,AGIB00,I,2018/AGIB00/76101,,2018/AGIB00/30992,,00000,2018/AGIB00/I/76101/30992/0000/00000,Sí,18940
2018,AGIB00,I,2018/AGIB00/76101,,2018/AGIB00/40101,,18020,2018/AGIB00/I/76101/40101/0000/18020,Sí,21011310
2018,AGIB00,I,2018/AGIB00/76101,,2018/AGIB00/40101,,18021,2018/AGIB00/I/76101/40101/0000/18021,Sí,11753140
2018,AGIB00,I,2018/AGIB00/76101,,2018/AGIB00/40101,,18022,2018/AGIB00/I/76101/40101/0000/18022,Sí,1951120
2018,AGIB00,I,2018/AGIB00/76101,,2018/AGIB00/40101,,18023,2018/AGIB00/I/76101/40101/0000/18023,Sí,1224000
2018,AGIB00,I,2018/AGIB00/78101,,2018/AGIB00/30307,,00000,2018/AGIB00/I/78101/30307/0000/00000,Sí,43990
2018,AGIB00,I,2018/AGIB00/78101,,2018/AGIB00/30308,,00000,2018/AGIB00/I/78101/30308/0000/00000,Sí,8290
2018,AGIB00,I,2018/AGIB00/78101,,2018/AGIB00/40100,,18007,2018/AGIB00/I/78101/40100/0000/18007,Sí,549860
2018,AGIB00,I,2018/AGIB00/78101,,2018/AGIB00/40100,,18008,2018/AGIB00/I/78101/40100/0000/18008,Sí,262530
2018,ATIB00,I,2018/ATIB00/50001,,2018/ATIB00/33901,,00000,2018/ATIB00/I/50001/33901/0000/00000,Sí,13860
2018,ATIB00,I,2018/ATIB00/50001,,2018/ATIB00/45000,,00000,2018/ATIB00/I/50001/45000/0000/00000,No,10284340
2018,ATIB00,I,2018/ATIB00/50001,,2018/ATIB00/52099,,00000,2018/ATIB00/I/50001/52099/0000/00000,Sí,10
2018,ATIB00,I,2018/ATIB00/50001,,2018/ATIB00/75000,,00000,2018/ATIB00/I/50001/75000/0000/00000,No,85000
2018,SSIB00,I,2018/SSIB00/60001,,2018/SSIB00/30307,,00000,2018/SSIB00/I/60001/30307/0000/00000,Sí,20000
2018,SSIB00,I,2018/SSIB00/60001,,2018/SSIB00/31918,,00000,2018/SSIB00/I/60001/31918/0000/00000,Sí,40000
2018,SSIB00,I,2018/SSIB00/60001,,2018/SSIB00/32700,,00000,2018/SSIB00/I/60001/32700/0000/00000,Sí,100
2018,SSIB00,I,2018/SSIB00/60001,,2018/SSIB00/39100,,00000,2018/SSIB00/I/60001/39100/0000/00000,Sí,1000
2018,SSIB00,I,2018/SSIB00/60001,,2018/SSIB00/39101,,00000,2018/SSIB00/I/60001/39101/0000/00000,Sí,1000
2018,SSIB00,I,2018/SSIB00/60001,,2018/SSIB00/39996,,00000,2018/SSIB00/I/60001/39996/0000/00000,Sí,1000
2018,SSIB00,I,2018/SSIB00/60001,,2018/SSIB00/39998,,00000,2018/SSIB00/I/60001/39998/0000/00000,Sí,200
2018,SSIB00,I,2018/SSIB00/60001,,2018/SSIB00/39999,,00000,2018/SSIB00/I/60001/39999/0000/00000,Sí,2808000
2018,SSIB00,I,2018/SSIB00/60001,,2018/SSIB00/45000,,00000,2018/SSIB00/I/60001/45000/0000/00000,No,1456275630
2018,SSIB00,I,2018/SSIB00/60001,,2018/SSIB00/45001,,00000,2018/SSIB00/I/60001/45001/0000/00000,No,22500000
2018,SSIB00,I,2018/SSIB00/60001,,2018/SSIB00/45002,,00000,2018/SSIB00/I/60001/45002/0000/00000,No,8845860
2018,SSIB00,I,2018/SSIB00/60001,,2018/SSIB00/52099,,00000,2018/SSIB00/I/60001/52099/0000/00000,Sí,10000
2018,SSIB00,I,2018/SSIB00/60001,,2018/SSIB00/75000,,00000,2018/SSIB00/I/60001/75000/0000/00000,No,34855960
2018,SSIB00,I,2018/SSIB00/60001,,2018/SSIB00/45000,,18034,2018/SSIB00/I/60001/45000/0000/18034,No,210740
2018,SSIB00,I,2018/SSIB00/60001,,2018/SSIB00/45000,,18035,2018/SSIB00/I/60001/45000/0000/18035,No,84000
2018,SSIB00,I,2018/SSIB00/60001,,2018/SSIB00/45000,,18036,2018/SSIB00/I/60001/45000/0000/18036,No,6000
2018,SSIB00,I,2018/SSIB00/60001,,2018/SSIB00/45000,,18071,2018/SSIB00/I/60001/45000/0000/18071,No,31000
2018,SSIB00,I,2018/SSIB00/60001,,2018/SSIB00/45000,,18072,2018/SSIB00/I/60001/45000/0000/18072,No,20000
2018,SSIB00,I,2018/SSIB00/60101,,2018/SSIB00/31901,,00000,2018/SSIB00/I/60101/31901/0000/00000,Sí,9003840
2018,SSIB00,I,2018/SSIB00/60101,,2018/SSIB00/31902,,00000,2018/SSIB00/I/60101/31902/0000/00000,Sí,1340000
2018,SSIB00,I,2018/SSIB00/60101,,2018/SSIB00/31903,,00000,2018/SSIB00/I/60101/31903/0000/00000,Sí,1520000
2018,SSIB00,I,2018/SSIB00/60101,,2018/SSIB00/31904,,00000,2018/SSIB00/I/60101/31904/0000/00000,Sí,1550000
2018,SSIB00,I,2018/SSIB00/60101,,2018/SSIB00/31908,,00000,2018/SSIB00/I/60101/31908/0000/00000,Sí,1000
2018,SSIB00,I,2018/SSIB00/60101,,2018/SSIB00/31910,,00000,2018/SSIB00/I/60101/31910/0000/00000,Sí,1299000
2018,SSIB00,I,2018/SSIB00/60101,,2018/SSIB00/31917,,00000,2018/SSIB00/I/60101/31917/0000/00000,Sí,2000
2018,SSIB00,I,2018/SSIB00/60101,,2018/SSIB00/33300,,00000,2018/SSIB00/I/60101/33300/0000/00000,Sí,10000
2018,SSIB00,I,2018/SSIB00/60101,,2018/SSIB00/39996,,00000,2018/SSIB00/I/60101/39996/0000/00000,Sí,500
2018,SSIB00,I,2018/SSIB00/60101,,2018/SSIB00/39999,,00000,2018/SSIB00/I/60101/39999/0000/00000,Sí,4500
2018,SSIB00,I,2018/SSIB00/60201,,2018/SSIB00/31901,,00000,2018/SSIB00/I/60201/31901/0000/00000,Sí,167900
2018,SSIB00,I,2018/SSIB00/60201,,2018/SSIB00/31902,,00000,2018/SSIB00/I/60201/31902/0000/00000,Sí,250000
2018,SSIB00,I,2018/SSIB00/60201,,2018/SSIB00/31903,,00000,2018/SSIB00/I/60201/31903/0000/00000,Sí,290000
2018,SSIB00,I,2018/SSIB00/60201,,2018/SSIB00/31904,,00000,2018/SSIB00/I/60201/31904/0000/00000,Sí,230000
2018,SSIB00,I,2018/SSIB00/60201,,2018/SSIB00/31908,,00000,2018/SSIB00/I/60201/31908/0000/00000,Sí,10000
2018,SSIB00,I,2018/SSIB00/60201,,2018/SSIB00/31910,,00000,2018/SSIB00/I/60201/31910/0000/00000,Sí,600
2018,SSIB00,I,2018/SSIB00/60201,,2018/SSIB00/31917,,00000,2018/SSIB00/I/60201/31917/0000/00000,Sí,100
2018,SSIB00,I,2018/SSIB00/60201,,2018/SSIB00/33300,,00000,2018/SSIB00/I/60201/33300/0000/00000,Sí,200
2018,SSIB00,I,2018/SSIB00/60201,,2018/SSIB00/39996,,00000,2018/SSIB00/I/60201/39996/0000/00000,Sí,500
2018,SSIB00,I,2018/SSIB00/60201,,2018/SSIB00/39999,,00000,2018/SSIB00/I/60201/39999/0000/00000,Sí,100
2018,SSIB00,I,2018/SSIB00/60201,,2018/SSIB00/55001,,00000,2018/SSIB00/I/60201/55001/0000/00000,Sí,16000
2018,SSIB00,I,2018/SSIB00/60301,,2018/SSIB00/31901,,00000,2018/SSIB00/I/60301/31901/0000/00000,Sí,125010
2018,SSIB00,I,2018/SSIB00/60301,,2018/SSIB00/31902,,00000,2018/SSIB00/I/60301/31902/0000/00000,Sí,950000
2018,SSIB00,I,2018/SSIB00/60301,,2018/SSIB00/31903,,00000,2018/SSIB00/I/60301/31903/0000/00000,Sí,400000
2018,SSIB00,I,2018/SSIB00/60301,,2018/SSIB00/31904,,00000,2018/SSIB00/I/60301/31904/0000/00000,Sí,619600
2018,SSIB00,I,2018/SSIB00/60301,,2018/SSIB00/31917,,00000,2018/SSIB00/I/60301/31917/0000/00000,Sí,100
2018,SSIB00,I,2018/SSIB00/60301,,2018/SSIB00/39999,,00000,2018/SSIB00/I/60301/39999/0000/00000,Sí,100
2018,SSIB00,I,2018/SSIB00/60401,,2018/SSIB00/31901,,00000,2018/SSIB00/I/60401/31901/0000/00000,Sí,107820
2018,SSIB00,I,2018/SSIB00/60401,,2018/SSIB00/31902,,00000,2018/SSIB00/I/60401/31902/0000/00000,Sí,200000
2018,SSIB00,I,2018/SSIB00/60401,,2018/SSIB00/31903,,00000,2018/SSIB00/I/60401/31903/0000/00000,Sí,260000
2018,SSIB00,I,2018/SSIB00/60401,,2018/SSIB00/31904,,00000,2018/SSIB00/I/60401/31904/0000/00000,Sí,190000
2018,SSIB00,I,2018/SSIB00/60401,,2018/SSIB00/31908,,00000,2018/SSIB00/I/60401/31908/0000/00000,Sí,4000
2018,SSIB00,I,2018/SSIB00/60401,,2018/SSIB00/31910,,00000,2018/SSIB00/I/60401/31910/0000/00000,Sí,100
2018,SSIB00,I,2018/SSIB00/60401,,2018/SSIB00/31917,,00000,2018/SSIB00/I/60401/31917/0000/00000,Sí,100
2018,SSIB00,I,2018/SSIB00/60401,,2018/SSIB00/32704,,00000,2018/SSIB00/I/60401/32704/0000/00000,Sí,669000
2018,SSIB00,I,2018/SSIB00/60401,,2018/SSIB00/39999,,00000,2018/SSIB00/I/60401/39999/0000/00000,Sí,100
2018,SSIB00,I,2018/SSIB00/60501,,2018/SSIB00/31901,,00000,2018/SSIB00/I/60501/31901/0000/00000,Sí,63440
2018,SSIB00,I,2018/SSIB00/60501,,2018/SSIB00/31902,,00000,2018/SSIB00/I/60501/31902/0000/00000,Sí,85000
2018,SSIB00,I,2018/SSIB00/60501,,2018/SSIB00/31903,,00000,2018/SSIB00/I/60501/31903/0000/00000,Sí,25000
2018,SSIB00,I,2018/SSIB00/60501,,2018/SSIB00/31904,,00000,2018/SSIB00/I/60501/31904/0000/00000,Sí,30200
2018,SSIB00,I,2018/SSIB00/60501,,2018/SSIB00/39999,,00000,2018/SSIB00/I/60501/39999/0000/00000,Sí,100
2018,SSIB00,I,2018/SSIB00/60601,,2018/SSIB00/31901,,00000,2018/SSIB00/I/60601/31901/0000/00000,Sí,210000
2018,SSIB00,I,2018/SSIB00/60601,,2018/SSIB00/31902,,00000,2018/SSIB00/I/60601/31902/0000/00000,Sí,250000
2018,SSIB00,I,2018/SSIB00/60601,,2018/SSIB00/31903,,00000,2018/SSIB00/I/60601/31903/0000/00000,Sí,275000
2018,SSIB00,I,2018/SSIB00/60601,,2018/SSIB00/31904,,00000,2018/SSIB00/I/60601/31904/0000/00000,Sí,193210
2018,SSIB00,I,2018/SSIB00/60601,,2018/SSIB00/31908,,00000,2018/SSIB00/I/60601/31908/0000/00000,Sí,100
2018,SSIB00,I,2018/SSIB00/60601,,2018/SSIB00/31917,,00000,2018/SSIB00/I/60601/31917/0000/00000,Sí,100
2018,SSIB00,I,2018/SSIB00/60601,,2018/SSIB00/39996,,00000,2018/SSIB00/I/60601/39996/0000/00000,Sí,1000
2018,SSIB00,I,2018/SSIB00/60601,,2018/SSIB00/39999,,00000,2018/SSIB00/I/60601/39999/0000/00000,Sí,100
2018,SSIB00,I,2018/SSIB00/60601,,2018/SSIB00/55001,,00000,2018/SSIB00/I/60601/55001/0000/00000,Sí,6000
2018,SSIB00,I,2018/SSIB00/60701,,2018/SSIB00/31901,,00000,2018/SSIB00/I/60701/31901/0000/00000,Sí,190000
2018,SSIB00,I,2018/SSIB00/60701,,2018/SSIB00/31902,,00000,2018/SSIB00/I/60701/31902/0000/00000,Sí,418410
2018,SSIB00,I,2018/SSIB00/60701,,2018/SSIB00/31903,,00000,2018/SSIB00/I/60701/31903/0000/00000,Sí,250000
2018,SSIB00,I,2018/SSIB00/60701,,2018/SSIB00/31904,,00000,2018/SSIB00/I/60701/31904/0000/00000,Sí,331970
2018,SSIB00,I,2018/SSIB00/60701,,2018/SSIB00/31908,,00000,2018/SSIB00/I/60701/31908/0000/00000,Sí,100
2018,SSIB00,I,2018/SSIB00/60701,,2018/SSIB00/39999,,00000,2018/SSIB00/I/60701/39999/0000/00000,Sí,2000
2018,SSIB00,I,2018/SSIB00/60701,,2018/SSIB00/55000,,00000,2018/SSIB00/I/60701/55000/0000/00000,Sí,100
2018,SSIB00,I,2018/SSIB00/60701,,2018/SSIB00/55001,,00000,2018/SSIB00/I/60701/55001/0000/00000,Sí,4500
2018,SSIB00,I,2018/SSIB00/60801,,2018/SSIB00/31901,,00000,2018/SSIB00/I/60801/31901/0000/00000,Sí,129620
2018,SSIB00,I,2018/SSIB00/60801,,2018/SSIB00/31902,,00000,2018/SSIB00/I/60801/31902/0000/00000,Sí,150000
2018,SSIB00,I,2018/SSIB00/60801,,2018/SSIB00/31903,,00000,2018/SSIB00/I/60801/31903/0000/00000,Sí,204400
2018,SSIB00,I,2018/SSIB00/60801,,2018/SSIB00/31904,,00000,2018/SSIB00/I/60801/31904/0000/00000,Sí,280000
2018,SSIB00,I,2018/SSIB00/60801,,2018/SSIB00/31908,,00000,2018/SSIB00/I/60801/31908/0000/00000,Sí,100
2018,SSIB00,I,2018/SSIB00/60801,,2018/SSIB00/39996,,00000,2018/SSIB00/I/60801/39996/0000/00000,Sí,300
2018,SSIB00,I,2018/SSIB00/60801,,2018/SSIB00/39999,,00000,2018/SSIB00/I/60801/39999/0000/00000,Sí,100
2018,SSIB00,I,2018/SSIB00/60801,,2018/SSIB00/55001,,00000,2018/SSIB00/I/60801/55001/0000/00000,Sí,16000
2018,SSIB00,I,2018/SSIB00/60901,,2018/SSIB00/31901,,00000,2018/SSIB00/I/60901/31901/0000/00000,Sí,1276330
2018,SSIB00,I,2018/SSIB00/60901,,2018/SSIB00/31902,,00000,2018/SSIB00/I/60901/31902/0000/00000,Sí,315000
2018,SSIB00,I,2018/SSIB00/60901,,2018/SSIB00/31903,,00000,2018/SSIB00/I/60901/31903/0000/00000,Sí,140000
2018,SSIB00,I,2018/SSIB00/60901,,2018/SSIB00/31904,,00000,2018/SSIB00/I/60901/31904/0000/00000,Sí,530000
2018,SSIB00,I,2018/SSIB00/60901,,2018/SSIB00/31908,,00000,2018/SSIB00/I/60901/31908/0000/00000,Sí,100
2018,SSIB00,I,2018/SSIB00/60901,,2018/SSIB00/31910,,00000,2018/SSIB00/I/60901/31910/0000/00000,Sí,100
2018,SSIB00,I,2018/SSIB00/60901,,2018/SSIB00/39999,,00000,2018/SSIB00/I/60901/39999/0000/00000,Sí,100
2018,SSIB00,I,2018/SSIB00/60901,,2018/SSIB00/55001,,00000,2018/SSIB00/I/60901/55001/0000/00000,Sí,100
,,,,,,,,,,6542007630
