2018,AGIB00,I,2018/AGIB00/11201,,2018/AGIB00/33001,,2018/AGIB00/00000,2018/AGIB00/I/11201/33001/0000/00000,Sí,144033.18
2018,AGIB00,I,2018/AGIB00/11201,,2018/AGIB00/33099,,2018/AGIB00/00000,2018/AGIB00/I/11201/33099/0000/00000,Sí,334.62
2018,AGIB00,I,2018/AGIB00/11201,,2018/AGIB00/38000,,2018/AGIB00/00000,2018/AGIB00/I/11201/38000/0000/00000,Sí,213994.83
2018,AGIB00,I,2018/AGIB00/11201,,2018/AGIB00/38100,,2018/AGIB00/00000,2018/AGIB00/I/11201/38100/0000/00000,Sí,6628.78
2018,AGIB00,I,2018/AGIB00/11201,,2018/AGIB00/38101,,2018/AGIB00/00000,2018/AGIB00/I/11201/38101/0000/00000,Sí,2858.19
2018,AGIB00,I,2018/AGIB00/11201,,2018/AGIB00/39102,,2018/AGIB00/00000,2018/AGIB00/I/11201/39102/0000/00000,Sí,18972.4
2018,AGIB00,I,2018/AGIB00/11601,,2018/AGIB00/32999,,2018/AGIB00/00000,2018/AGIB00/I/11601/32999/0000/00000,Sí,15571.72
2018,AGIB00,I,2018/AGIB00/11601,,2018/AGIB00/39905,,2018/AGIB00/00000,2018/AGIB00/I/11601/39905/0000/00000,Sí,111455.33
2018,AGIB00,I,2018/AGIB00/11701,,2018/AGIB00/30901,,2018/AGIB00/00000,2018/AGIB00/I/11701/30901/0000/00000,Sí,24018.59
2018,AGIB00,I,2018/AGIB00/12101,,2018/AGIB00/30315,,2018/AGIB00/00000,2018/AGIB00/I/12101/30315/0000/00000,Sí,2645.58
2018,AGIB00,I,2018/AGIB00/12101,,2018/AGIB00/30902,,2018/AGIB00/00000,2018/AGIB00/I/12101/30902/0000/00000,Sí,281490.08
2018,AGIB00,I,2018/AGIB00/12101,,2018/AGIB00/38000,,2018/AGIB00/00000,2018/AGIB00/I/12101/38000/0000/00000,Sí,726.8
2018,AGIB00,I,2018/AGIB00/12101,,2018/AGIB00/39102,,2018/AGIB00/00000,2018/AGIB00/I/12101/39102/0000/00000,Sí,686896.46
2018,AGIB00,I,2018/AGIB00/12201,,2018/AGIB00/44101,,2018/AGIB00/17064,2018/AGIB00/I/12201/44101/0000/17064,Sí,430000
2018,AGIB00,I,2018/AGIB00/12201,,2018/AGIB00/49200,,2018/AGIB00/00000,2018/AGIB00/I/12201/49200/0000/00000,Sí,8000
2018,AGIB00,I,2018/AGIB00/12201,,2018/AGIB00/68000,,2018/AGIB00/31201,2018/AGIB00/I/12201/68000/0000/31201,Sí,2160630.42
2018,AGIB00,I,2018/AGIB00/12201,,2018/AGIB00/70100,,2018/AGIB00/31201,2018/AGIB00/I/12201/70100/0000/31201,Sí,-13145190.13
2018,AGIB00,I,2018/AGIB00/12201,,2018/AGIB00/74300,,2018/AGIB00/00000,2018/AGIB00/I/12201/74300/0000/00000,Sí,97623.42
2018,AGIB00,I,2018/AGIB00/12201,,2018/AGIB00/87001,,2018/AGIB00/31201,2018/AGIB00/I/12201/87001/0000/31201,Sí,
2018,AGIB00,I,2018/AGIB00/12501,,2018/AGIB00/87001,,2018/AGIB00/16064,2018/AGIB00/I/12501/87001/0000/16064,Sí,
2018,AGIB00,I,2018/AGIB00/12601,,2018/AGIB00/30101,,2018/AGIB00/00000,2018/AGIB00/I/12601/30101/0000/00000,Sí,
2018,AGIB00,I,2018/AGIB00/13101,,2018/AGIB00/38000,,2018/AGIB00/00000,2018/AGIB00/I/13101/38000/0000/00000,Sí,120123.8
2018,AGIB00,I,2018/AGIB00/13101,,2018/AGIB00/38100,,2018/AGIB00/00000,2018/AGIB00/I/13101/38100/0000/00000,Sí,42396.36
2018,AGIB00,I,2018/AGIB00/13101,,2018/AGIB00/38101,,2018/AGIB00/00000,2018/AGIB00/I/13101/38101/0000/00000,Sí,20.7
2018,AGIB00,I,2018/AGIB00/13101,,2018/AGIB00/55900,,2018/AGIB00/00000,2018/AGIB00/I/13101/55900/0000/00000,Sí,84714.5
2018,AGIB00,I,2018/AGIB00/13101,,2018/AGIB00/87001,,2018/AGIB00/16059,2018/AGIB00/I/13101/87001/0000/16059,Sí,
2018,AGIB00,I,2018/AGIB00/13101,,2018/AGIB00/87001,,2018/AGIB00/17020,2018/AGIB00/I/13101/87001/0000/17020,Sí,
2018,AGIB00,I,2018/AGIB00/13101,,2018/AGIB00/87001,,2018/AGIB00/17074,2018/AGIB00/I/13101/87001/0000/17074,Sí,
2018,AGIB00,I,2018/AGIB00/13501,,2018/AGIB00/30301,,2018/AGIB00/00000,2018/AGIB00/I/13501/30301/0000/00000,Sí,27651.86
2018,AGIB00,I,2018/AGIB00/13501,,2018/AGIB00/30302,,2018/AGIB00/00000,2018/AGIB00/I/13501/30302/0000/00000,Sí,193711.81
2018,AGIB00,I,2018/AGIB00/13501,,2018/AGIB00/30305,,2018/AGIB00/00000,2018/AGIB00/I/13501/30305/0000/00000,Sí,278585.85
2018,AGIB00,I,2018/AGIB00/13501,,2018/AGIB00/30317,,2018/AGIB00/00000,2018/AGIB00/I/13501/30317/0000/00000,Sí,11208.16
2018,AGIB00,I,2018/AGIB00/13501,,2018/AGIB00/39999,,2018/AGIB00/00000,2018/AGIB00/I/13501/39999/0000/00000,Sí,31477.36
2018,AGIB00,I,2018/AGIB00/13601,,2018/AGIB00/40000,,2018/AGIB00/17042,2018/AGIB00/I/13601/40000/0000/17042,Sí,4732.89
2018,AGIB00,I,2018/AGIB00/13601,,2018/AGIB00/40000,,2018/AGIB00/18042,2018/AGIB00/I/13601/40000/0000/18042,Sí,
2018,AGIB00,I,2018/AGIB00/13601,,2018/AGIB00/40000,,2018/AGIB00/18043,2018/AGIB00/I/13601/40000/0000/18043,Sí,754259
2018,AGIB00,I,2018/AGIB00/13601,,2018/AGIB00/40000,,2018/AGIB00/18083,2018/AGIB00/I/13601/40000/0000/18083,Sí,1055579
2018,AGIB00,I,2018/AGIB00/13701,,2018/AGIB00/30306,,2018/AGIB00/00000,2018/AGIB00/I/13701/30306/0000/00000,Sí,369156.87
2018,AGIB00,I,2018/AGIB00/13701,,2018/AGIB00/40000,,2018/AGIB00/15060,2018/AGIB00/I/13701/40000/0000/15060,Sí,
2018,AGIB00,I,2018/AGIB00/13701,,2018/AGIB00/40000,,2018/AGIB00/18060,2018/AGIB00/I/13701/40000/0000/18060,Sí,4794292.49
2018,AGIB00,I,2018/AGIB00/13801,,2018/AGIB00/30303,,2018/AGIB00/00000,2018/AGIB00/I/13801/30303/0000/00000,Sí,79228.38
2018,AGIB00,I,2018/AGIB00/13901,,2018/AGIB00/30318,,2018/AGIB00/00000,2018/AGIB00/I/13901/30318/0000/00000,Sí,50631.02
2018,AGIB00,I,2018/AGIB00/13901,,2018/AGIB00/30320,,2018/AGIB00/00000,2018/AGIB00/I/13901/30320/0000/00000,Sí,33911.5
2018,AGIB00,I,2018/AGIB00/13901,,2018/AGIB00/40000,,2018/AGIB00/18044,2018/AGIB00/I/13901/40000/0000/18044,Sí,55386.41
2018,AGIB00,I,2018/AGIB00/13901,,2018/AGIB00/49200,,2018/AGIB00/15040,2018/AGIB00/I/13901/49200/0000/15040,Sí,36032
2018,AGIB00,I,2018/AGIB00/13901,,2018/AGIB00/49200,,2018/AGIB00/16059,2018/AGIB00/I/13901/49200/0000/16059,Sí,
2018,AGIB00,I,2018/AGIB00/14101,,2018/AGIB00/38000,,2018/AGIB00/00000,2018/AGIB00/I/14101/38000/0000/00000,Sí,156209.64
2018,AGIB00,I,2018/AGIB00/14101,,2018/AGIB00/38100,,2018/AGIB00/00000,2018/AGIB00/I/14101/38100/0000/00000,Sí,1669.38
2018,AGIB00,I,2018/AGIB00/14101,,2018/AGIB00/54002,,2018/AGIB00/00000,2018/AGIB00/I/14101/54002/0000/00000,Sí,
2018,AGIB00,I,2018/AGIB00/14101,,2018/AGIB00/55000,,2018/AGIB00/00000,2018/AGIB00/I/14101/55000/0000/00000,Sí,916.66
2018,AGIB00,I,2018/AGIB00/14101,,2018/AGIB00/87001,,2018/AGIB00/31110,2018/AGIB00/I/14101/87001/0000/31110,Sí,
2018,AGIB00,I,2018/AGIB00/14201,,2018/AGIB00/70000,,2018/AGIB00/00000,2018/AGIB00/I/14201/70000/0000/00000,Sí,-63287.27
2018,AGIB00,I,2018/AGIB00/14301,,2018/AGIB00/30979,,2018/AGIB00/00000,2018/AGIB00/I/14301/30979/0000/00000,Sí,10715.06
2018,AGIB00,I,2018/AGIB00/14301,,2018/AGIB00/39102,,2018/AGIB00/00000,2018/AGIB00/I/14301/39102/0000/00000,Sí,
2018,AGIB00,I,2018/AGIB00/14601,,2018/AGIB00/54002,,2018/AGIB00/00000,2018/AGIB00/I/14601/54002/0000/00000,Sí,
2018,AGIB00,I,2018/AGIB00/14601,,2018/AGIB00/60000,,2018/AGIB00/00000,2018/AGIB00/I/14601/60000/0000/00000,Sí,
2018,AGIB00,I,2018/AGIB00/14601,,2018/AGIB00/61900,,2018/AGIB00/00000,2018/AGIB00/I/14601/61900/0000/00000,Sí,
2018,AGIB00,I,2018/AGIB00/15101,,2018/AGIB00/30904,,2018/AGIB00/00000,2018/AGIB00/I/15101/30904/0000/00000,Sí,26.6
2018,AGIB00,I,2018/AGIB00/15101,,2018/AGIB00/30905,,2018/AGIB00/00000,2018/AGIB00/I/15101/30905/0000/00000,Sí,37.48
2018,AGIB00,I,2018/AGIB00/15101,,2018/AGIB00/30908,,2018/AGIB00/00000,2018/AGIB00/I/15101/30908/0000/00000,Sí,24759.23
2018,AGIB00,I,2018/AGIB00/15101,,2018/AGIB00/30999,,2018/AGIB00/00000,2018/AGIB00/I/15101/30999/0000/00000,Sí,
2018,AGIB00,I,2018/AGIB00/15101,,2018/AGIB00/38000,,2018/AGIB00/00000,2018/AGIB00/I/15101/38000/0000/00000,Sí,219858.12
2018,AGIB00,I,2018/AGIB00/15101,,2018/AGIB00/38100,,2018/AGIB00/00000,2018/AGIB00/I/15101/38100/0000/00000,Sí,1901.09
2018,AGIB00,I,2018/AGIB00/15101,,2018/AGIB00/38101,,2018/AGIB00/00000,2018/AGIB00/I/15101/38101/0000/00000,Sí,7736.79
2018,AGIB00,I,2018/AGIB00/15101,,2018/AGIB00/39102,,2018/AGIB00/00000,2018/AGIB00/I/15101/39102/0000/00000,Sí,11000
2018,AGIB00,I,2018/AGIB00/15101,,2018/AGIB00/39999,,2018/AGIB00/00000,2018/AGIB00/I/15101/39999/0000/00000,Sí,
2018,AGIB00,I,2018/AGIB00/15101,,2018/AGIB00/87001,,2018/AGIB00/15006,2018/AGIB00/I/15101/87001/0000/15006,Sí,
2018,AGIB00,I,2018/AGIB00/15101,,2018/AGIB00/87001,,2018/AGIB00/16064,2018/AGIB00/I/15101/87001/0000/16064,Sí,
2018,AGIB00,I,2018/AGIB00/15101,,2018/AGIB00/87002,,2018/AGIB00/00000,2018/AGIB00/I/15101/87002/0000/00000,Sí,
2018,AGIB00,I,2018/AGIB00/15201,,2018/AGIB00/30911,,2018/AGIB00/00000,2018/AGIB00/I/15201/30911/0000/00000,Sí,54300.73
2018,AGIB00,I,2018/AGIB00/15201,,2018/AGIB00/30912,,2018/AGIB00/00000,2018/AGIB00/I/15201/30912/0000/00000,Sí,28632.8
2018,AGIB00,I,2018/AGIB00/15201,,2018/AGIB00/30913,,2018/AGIB00/00000,2018/AGIB00/I/15201/30913/0000/00000,Sí,15588.48
2018,AGIB00,I,2018/AGIB00/15201,,2018/AGIB00/30914,,2018/AGIB00/00000,2018/AGIB00/I/15201/30914/0000/00000,Sí,2924.52
2018,AGIB00,I,2018/AGIB00/15201,,2018/AGIB00/30916,,2018/AGIB00/00000,2018/AGIB00/I/15201/30916/0000/00000,Sí,487.42
2018,AGIB00,I,2018/AGIB00/15201,,2018/AGIB00/30917,,2018/AGIB00/00000,2018/AGIB00/I/15201/30917/0000/00000,Sí,12769.54
2018,AGIB00,I,2018/AGIB00/15201,,2018/AGIB00/30918,,2018/AGIB00/00000,2018/AGIB00/I/15201/30918/0000/00000,Sí,
2018,AGIB00,I,2018/AGIB00/15201,,2018/AGIB00/30919,,2018/AGIB00/00000,2018/AGIB00/I/15201/30919/0000/00000,Sí,262.93
2018,AGIB00,I,2018/AGIB00/15201,,2018/AGIB00/30920,,2018/AGIB00/00000,2018/AGIB00/I/15201/30920/0000/00000,Sí,
2018,AGIB00,I,2018/AGIB00/15201,,2018/AGIB00/30921,,2018/AGIB00/00000,2018/AGIB00/I/15201/30921/0000/00000,Sí,1764.97
2018,AGIB00,I,2018/AGIB00/15201,,2018/AGIB00/30922,,2018/AGIB00/00000,2018/AGIB00/I/15201/30922/0000/00000,Sí,0.22
2018,AGIB00,I,2018/AGIB00/15201,,2018/AGIB00/30923,,2018/AGIB00/00000,2018/AGIB00/I/15201/30923/0000/00000,Sí,
2018,AGIB00,I,2018/AGIB00/15201,,2018/AGIB00/30924,,2018/AGIB00/00000,2018/AGIB00/I/15201/30924/0000/00000,Sí,
2018,AGIB00,I,2018/AGIB00/15201,,2018/AGIB00/30927,,2018/AGIB00/00000,2018/AGIB00/I/15201/30927/0000/00000,Sí,3504.74
2018,AGIB00,I,2018/AGIB00/15201,,2018/AGIB00/30999,,2018/AGIB00/00000,2018/AGIB00/I/15201/30999/0000/00000,Sí,302.38
2018,AGIB00,I,2018/AGIB00/15201,,2018/AGIB00/39102,,2018/AGIB00/00000,2018/AGIB00/I/15201/39102/0000/00000,Sí,3135.08
2018,AGIB00,I,2018/AGIB00/15301,,2018/AGIB00/30928,,2018/AGIB00/00000,2018/AGIB00/I/15301/30928/0000/00000,Sí,30039.07
2018,AGIB00,I,2018/AGIB00/15301,,2018/AGIB00/30993,,2018/AGIB00/00000,2018/AGIB00/I/15301/30993/0000/00000,Sí,
2018,AGIB00,I,2018/AGIB00/15301,,2018/AGIB00/30999,,2018/AGIB00/00000,2018/AGIB00/I/15301/30999/0000/00000,Sí,12451.8
2018,AGIB00,I,2018/AGIB00/15301,,2018/AGIB00/39102,,2018/AGIB00/00000,2018/AGIB00/I/15301/39102/0000/00000,Sí,-2070.27
2018,AGIB00,I,2018/AGIB00/15301,,2018/AGIB00/44101,,2018/AGIB00/17064,2018/AGIB00/I/15301/44101/0000/17064,Sí,479150
2018,AGIB00,I,2018/AGIB00/15301,,2018/AGIB00/55900,,2018/AGIB00/00000,2018/AGIB00/I/15301/55900/0000/00000,Sí,
2018,AGIB00,I,2018/AGIB00/15301,,2018/AGIB00/70100,,2018/AGIB00/18054,2018/AGIB00/I/15301/70100/0000/18054,Sí,
2018,AGIB00,I,2018/AGIB00/15301,,2018/AGIB00/74101,,2018/AGIB00/17064,2018/AGIB00/I/15301/74101/0000/17064,Sí,1136378.64
2018,AGIB00,I,2018/AGIB00/15501,,2018/AGIB00/30968,,2018/AGIB00/00000,2018/AGIB00/I/15501/30968/0000/00000,Sí,
2018,AGIB00,I,2018/AGIB00/15501,,2018/AGIB00/30969,,2018/AGIB00/00000,2018/AGIB00/I/15501/30969/0000/00000,Sí,28880.1
2018,AGIB00,I,2018/AGIB00/15501,,2018/AGIB00/30970,,2018/AGIB00/00000,2018/AGIB00/I/15501/30970/0000/00000,Sí,
2018,AGIB00,I,2018/AGIB00/15501,,2018/AGIB00/33400,,2018/AGIB00/00000,2018/AGIB00/I/15501/33400/0000/00000,Sí,
2018,AGIB00,I,2018/AGIB00/15501,,2018/AGIB00/39102,,2018/AGIB00/00000,2018/AGIB00/I/15501/39102/0000/00000,Sí,144635.82
2018,AGIB00,I,2018/AGIB00/15501,,2018/AGIB00/44101,,2018/AGIB00/17064,2018/AGIB00/I/15501/44101/0000/17064,Sí,350000
2018,AGIB00,I,2018/AGIB00/15501,,2018/AGIB00/70000,,2018/AGIB00/17050,2018/AGIB00/I/15501/70000/0000/17050,Sí,22062.63
2018,AGIB00,I,2018/AGIB00/15501,,2018/AGIB00/70000,,2018/AGIB00/18009,2018/AGIB00/I/15501/70000/0000/18009,Sí,
2018,AGIB00,I,2018/AGIB00/15501,,2018/AGIB00/70000,,2018/AGIB00/18010,2018/AGIB00/I/15501/70000/0000/18010,Sí,
2018,AGIB00,I,2018/AGIB00/15501,,2018/AGIB00/70000,,2018/AGIB00/18011,2018/AGIB00/I/15501/70000/0000/18011,Sí,
2018,AGIB00,I,2018/AGIB00/15501,,2018/AGIB00/70000,,2018/AGIB00/18012,2018/AGIB00/I/15501/70000/0000/18012,Sí,
2018,AGIB00,I,2018/AGIB00/15501,,2018/AGIB00/70000,,2018/AGIB00/18014,2018/AGIB00/I/15501/70000/0000/18014,Sí,
2018,AGIB00,I,2018/AGIB00/15501,,2018/AGIB00/70000,,2018/AGIB00/18015,2018/AGIB00/I/15501/70000/0000/18015,Sí,
2018,AGIB00,I,2018/AGIB00/15501,,2018/AGIB00/70000,,2018/AGIB00/18016,2018/AGIB00/I/15501/70000/0000/18016,Sí,
2018,AGIB00,I,2018/AGIB00/15501,,2018/AGIB00/70000,,2018/AGIB00/18017,2018/AGIB00/I/15501/70000/0000/18017,Sí,
2018,AGIB00,I,2018/AGIB00/15501,,2018/AGIB00/70100,,2018/AGIB00/15025,2018/AGIB00/I/15501/70100/0000/15025,Sí,
2018,AGIB00,I,2018/AGIB00/15501,,2018/AGIB00/70100,,2018/AGIB00/15027,2018/AGIB00/I/15501/70100/0000/15027,Sí,
2018,AGIB00,I,2018/AGIB00/15501,,2018/AGIB00/70100,,2018/AGIB00/16027,2018/AGIB00/I/15501/70100/0000/16027,Sí,
2018,AGIB00,I,2018/AGIB00/15501,,2018/AGIB00/70100,,2018/AGIB00/17061,2018/AGIB00/I/15501/70100/0000/17061,Sí,
2018,AGIB00,I,2018/AGIB00/15501,,2018/AGIB00/70100,,2018/AGIB00/17062,2018/AGIB00/I/15501/70100/0000/17062,Sí,
2018,AGIB00,I,2018/AGIB00/15501,,2018/AGIB00/79200,,2018/AGIB00/16058,2018/AGIB00/I/15501/79200/0000/16058,Sí,
2018,AGIB00,I,2018/AGIB00/15501,,2018/AGIB00/79600,,2018/AGIB00/16009,2018/AGIB00/I/15501/79600/0000/16009,Sí,81351.81
2018,AGIB00,I,2018/AGIB00/15501,,2018/AGIB00/79600,,2018/AGIB00/16058,2018/AGIB00/I/15501/79600/0000/16058,Sí,52428.34
2018,AGIB00,I,2018/AGIB00/15601,,2018/AGIB00/30976,,2018/AGIB00/00000,2018/AGIB00/I/15601/30976/0000/00000,Sí,
2018,AGIB00,I,2018/AGIB00/15601,,2018/AGIB00/30977,,2018/AGIB00/00000,2018/AGIB00/I/15601/30977/0000/00000,Sí,
2018,AGIB00,I,2018/AGIB00/15601,,2018/AGIB00/30999,,2018/AGIB00/00000,2018/AGIB00/I/15601/30999/0000/00000,Sí,585
2018,AGIB00,I,2018/AGIB00/15601,,2018/AGIB00/39102,,2018/AGIB00/00000,2018/AGIB00/I/15601/39102/0000/00000,Sí,480312.43
2018,AGIB00,I,2018/AGIB00/15601,,2018/AGIB00/44101,,2018/AGIB00/17064,2018/AGIB00/I/15601/44101/0000/17064,Sí,420000
2018,AGIB00,I,2018/AGIB00/15901,,2018/AGIB00/30314,,2018/AGIB00/00000,2018/AGIB00/I/15901/30314/0000/00000,Sí,7828.29
2018,AGIB00,I,2018/AGIB00/15901,,2018/AGIB00/30966,,2018/AGIB00/00000,2018/AGIB00/I/15901/30966/0000/00000,Sí,121912.61
2018,AGIB00,I,2018/AGIB00/15901,,2018/AGIB00/30967,,2018/AGIB00/00000,2018/AGIB00/I/15901/30967/0000/00000,Sí,896.68
2018,AGIB00,I,2018/AGIB00/15901,,2018/AGIB00/30994,,2018/AGIB00/00000,2018/AGIB00/I/15901/30994/0000/00000,Sí,578.4
2018,AGIB00,I,2018/AGIB00/15901,,2018/AGIB00/30995,,2018/AGIB00/00000,2018/AGIB00/I/15901/30995/0000/00000,Sí,142.24
2018,AGIB00,I,2018/AGIB00/15901,,2018/AGIB00/30996,,2018/AGIB00/00000,2018/AGIB00/I/15901/30996/0000/00000,Sí,284.48
2018,AGIB00,I,2018/AGIB00/15901,,2018/AGIB00/30999,,2018/AGIB00/00000,2018/AGIB00/I/15901/30999/0000/00000,Sí,
2018,AGIB00,I,2018/AGIB00/15901,,2018/AGIB00/39102,,2018/AGIB00/00000,2018/AGIB00/I/15901/39102/0000/00000,Sí,6086.1
2018,AGIB00,I,2018/AGIB00/15901,,2018/AGIB00/44101,,2018/AGIB00/17064,2018/AGIB00/I/15901/44101/0000/17064,Sí,320000
2018,AGIB00,I,2018/AGIB00/15901,,2018/AGIB00/70000,,2018/AGIB00/16055,2018/AGIB00/I/15901/70000/0000/16055,Sí,-131487.49
2018,AGIB00,I,2018/AGIB00/15901,,2018/AGIB00/70000,,2018/AGIB00/17055,2018/AGIB00/I/15901/70000/0000/17055,Sí,135232.81
2018,AGIB00,I,2018/AGIB00/15901,,2018/AGIB00/74101,,2018/AGIB00/17064,2018/AGIB00/I/15901/74101/0000/17064,Sí,250000
2018,AGIB00,I,2018/AGIB00/17101,,2018/AGIB00/32930,,2018/AGIB00/00000,2018/AGIB00/I/17101/32930/0000/00000,Sí,17151.67
2018,AGIB00,I,2018/AGIB00/17101,,2018/AGIB00/38000,,2018/AGIB00/00000,2018/AGIB00/I/17101/38000/0000/00000,Sí,153867.52
2018,AGIB00,I,2018/AGIB00/17101,,2018/AGIB00/38100,,2018/AGIB00/00000,2018/AGIB00/I/17101/38100/0000/00000,Sí,9819.5
2018,AGIB00,I,2018/AGIB00/17101,,2018/AGIB00/38101,,2018/AGIB00/00000,2018/AGIB00/I/17101/38101/0000/00000,Sí,5978.7
2018,AGIB00,I,2018/AGIB00/17201,,2018/AGIB00/40000,,2018/AGIB00/18004,2018/AGIB00/I/17201/40000/0000/18004,Sí,
2018,AGIB00,I,2018/AGIB00/17301,,2018/AGIB00/30991,,2018/AGIB00/00000,2018/AGIB00/I/17301/30991/0000/00000,Sí,10283.92
2018,AGIB00,I,2018/AGIB00/17301,,2018/AGIB00/40000,,2018/AGIB00/17001,2018/AGIB00/I/17301/40000/0000/17001,Sí,
2018,AGIB00,I,2018/AGIB00/17301,,2018/AGIB00/40000,,2018/AGIB00/18005,2018/AGIB00/I/17301/40000/0000/18005,Sí,2098.04
2018,AGIB00,I,2018/AGIB00/17301,,2018/AGIB00/40201,,2018/AGIB00/17003,2018/AGIB00/I/17301/40201/0000/17003,Sí,1562303.31
2018,AGIB00,I,2018/AGIB00/17301,,2018/AGIB00/40201,,2018/AGIB00/18003,2018/AGIB00/I/17301/40201/0000/18003,Sí,8347548.55
2018,AGIB00,I,2018/AGIB00/17401,,2018/AGIB00/40000,,2018/AGIB00/18002,2018/AGIB00/I/17401/40000/0000/18002,Sí,
2018,AGIB00,I,2018/AGIB00/17401,,2018/AGIB00/40000,,2018/AGIB00/18073,2018/AGIB00/I/17401/40000/0000/18073,Sí,
2018,AGIB00,I,2018/AGIB00/17501,,2018/AGIB00/38000,,2018/AGIB00/00000,2018/AGIB00/I/17501/38000/0000/00000,Sí,14525.29
2018,AGIB00,I,2018/AGIB00/18101,,2018/AGIB00/38000,,2018/AGIB00/00000,2018/AGIB00/I/18101/38000/0000/00000,Sí,121.31
2018,AGIB00,I,2018/AGIB00/18101,,2018/AGIB00/40000,,2018/AGIB00/17072,2018/AGIB00/I/18101/40000/0000/17072,Sí,19025.6
2018,AGIB00,I,2018/AGIB00/18101,,2018/AGIB00/40000,,2018/AGIB00/17078,2018/AGIB00/I/18101/40000/0000/17078,Sí,15774
2018,AGIB00,I,2018/AGIB00/18101,,2018/AGIB00/40000,,2018/AGIB00/18036,2018/AGIB00/I/18101/40000/0000/18036,Sí,
2018,AGIB00,I,2018/AGIB00/18101,,2018/AGIB00/40000,,2018/AGIB00/18072,2018/AGIB00/I/18101/40000/0000/18072,Sí,
2018,AGIB00,I,2018/AGIB00/18101,,2018/AGIB00/40260,,2018/AGIB00/18019,2018/AGIB00/I/18101/40260/0000/18019,Sí,
2018,AGIB00,I,2018/AGIB00/18101,,2018/AGIB00/40261,,2018/AGIB00/18018,2018/AGIB00/I/18101/40261/0000/18018,Sí,
2018,AGIB00,I,2018/AGIB00/18101,,2018/AGIB00/87001,,2018/AGIB00/16038,2018/AGIB00/I/18101/87001/0000/16038,Sí,
2018,AGIB00,I,2018/AGIB00/18101,,2018/AGIB00/87001,,2018/AGIB00/17019,2018/AGIB00/I/18101/87001/0000/17019,Sí,
2018,AGIB00,I,2018/AGIB00/18101,,2018/AGIB00/87001,,2018/AGIB00/17037,2018/AGIB00/I/18101/87001/0000/17037,Sí,
2018,AGIB00,I,2018/AGIB00/18101,,2018/AGIB00/87001,,2018/AGIB00/17038,2018/AGIB00/I/18101/87001/0000/17038,Sí,
2018,AGIB00,I,2018/AGIB00/18201,,2018/AGIB00/30930,,2018/AGIB00/00000,2018/AGIB00/I/18201/30930/0000/00000,Sí,14109.02
2018,AGIB00,I,2018/AGIB00/18201,,2018/AGIB00/30931,,2018/AGIB00/00000,2018/AGIB00/I/18201/30931/0000/00000,Sí,
2018,AGIB00,I,2018/AGIB00/18201,,2018/AGIB00/30932,,2018/AGIB00/00000,2018/AGIB00/I/18201/30932/0000/00000,Sí,1478.36
2018,AGIB00,I,2018/AGIB00/18201,,2018/AGIB00/30950,,2018/AGIB00/00000,2018/AGIB00/I/18201/30950/0000/00000,Sí,36101.08
2018,AGIB00,I,2018/AGIB00/18201,,2018/AGIB00/30951,,2018/AGIB00/00000,2018/AGIB00/I/18201/30951/0000/00000,Sí,7000.92
2018,AGIB00,I,2018/AGIB00/18201,,2018/AGIB00/30952,,2018/AGIB00/00000,2018/AGIB00/I/18201/30952/0000/00000,Sí,11993.24
2018,AGIB00,I,2018/AGIB00/18201,,2018/AGIB00/30954,,2018/AGIB00/00000,2018/AGIB00/I/18201/30954/0000/00000,Sí,26927.51
2018,AGIB00,I,2018/AGIB00/18201,,2018/AGIB00/30956,,2018/AGIB00/00000,2018/AGIB00/I/18201/30956/0000/00000,Sí,660.6
2018,AGIB00,I,2018/AGIB00/18201,,2018/AGIB00/30958,,2018/AGIB00/00000,2018/AGIB00/I/18201/30958/0000/00000,Sí,4853.1
2018,AGIB00,I,2018/AGIB00/18201,,2018/AGIB00/30959,,2018/AGIB00/00000,2018/AGIB00/I/18201/30959/0000/00000,Sí,582.99
2018,AGIB00,I,2018/AGIB00/18201,,2018/AGIB00/30960,,2018/AGIB00/00000,2018/AGIB00/I/18201/30960/0000/00000,Sí,13801.61
2018,AGIB00,I,2018/AGIB00/18201,,2018/AGIB00/30980,,2018/AGIB00/00000,2018/AGIB00/I/18201/30980/0000/00000,Sí,
2018,AGIB00,I,2018/AGIB00/18201,,2018/AGIB00/30981,,2018/AGIB00/00000,2018/AGIB00/I/18201/30981/0000/00000,Sí,49.31
2018,AGIB00,I,2018/AGIB00/18201,,2018/AGIB00/30982,,2018/AGIB00/00000,2018/AGIB00/I/18201/30982/0000/00000,Sí,
2018,AGIB00,I,2018/AGIB00/18201,,2018/AGIB00/30983,,2018/AGIB00/00000,2018/AGIB00/I/18201/30983/0000/00000,Sí,
2018,AGIB00,I,2018/AGIB00/18201,,2018/AGIB00/30985,,2018/AGIB00/00000,2018/AGIB00/I/18201/30985/0000/00000,Sí,2014.16
2018,AGIB00,I,2018/AGIB00/18201,,2018/AGIB00/30986,,2018/AGIB00/00000,2018/AGIB00/I/18201/30986/0000/00000,Sí,180.65
2018,AGIB00,I,2018/AGIB00/18201,,2018/AGIB00/30987,,2018/AGIB00/00000,2018/AGIB00/I/18201/30987/0000/00000,Sí,5312.77
2018,AGIB00,I,2018/AGIB00/18201,,2018/AGIB00/33300,,2018/AGIB00/00000,2018/AGIB00/I/18201/33300/0000/00000,Sí,22.55
2018,AGIB00,I,2018/AGIB00/18201,,2018/AGIB00/33901,,2018/AGIB00/00000,2018/AGIB00/I/18201/33901/0000/00000,Sí,1701.25
2018,AGIB00,I,2018/AGIB00/18201,,2018/AGIB00/39102,,2018/AGIB00/00000,2018/AGIB00/I/18201/39102/0000/00000,Sí,1989180.64
2018,AGIB00,I,2018/AGIB00/18201,,2018/AGIB00/40000,,2018/AGIB00/17033,2018/AGIB00/I/18201/40000/0000/17033,Sí,25321
2018,AGIB00,I,2018/AGIB00/18201,,2018/AGIB00/40000,,2018/AGIB00/17071,2018/AGIB00/I/18201/40000/0000/17071,Sí,34115
2018,AGIB00,I,2018/AGIB00/18201,,2018/AGIB00/40000,,2018/AGIB00/18033,2018/AGIB00/I/18201/40000/0000/18033,Sí,
2018,AGIB00,I,2018/AGIB00/18201,,2018/AGIB00/40000,,2018/AGIB00/18037,2018/AGIB00/I/18201/40000/0000/18037,Sí,
2018,AGIB00,I,2018/AGIB00/18201,,2018/AGIB00/40000,,2018/AGIB00/18038,2018/AGIB00/I/18201/40000/0000/18038,Sí,
2018,AGIB00,I,2018/AGIB00/18201,,2018/AGIB00/40000,,2018/AGIB00/18071,2018/AGIB00/I/18201/40000/0000/18071,Sí,
2018,AGIB00,I,2018/AGIB00/18301,,2018/AGIB00/40100,,2018/AGIB00/18032,2018/AGIB00/I/18301/40100/0000/18032,Sí,
2018,AGIB00,I,2018/AGIB00/18401,,2018/AGIB00/30957,,2018/AGIB00/00000,2018/AGIB00/I/18401/30957/0000/00000,Sí,17614.7
2018,AGIB00,I,2018/AGIB00/18401,,2018/AGIB00/33300,,2018/AGIB00/00000,2018/AGIB00/I/18401/33300/0000/00000,Sí,1986.44
2018,AGIB00,I,2018/AGIB00/18401,,2018/AGIB00/40000,,2018/AGIB00/16035,2018/AGIB00/I/18401/40000/0000/16035,Sí,-40307.32
2018,AGIB00,I,2018/AGIB00/18401,,2018/AGIB00/40000,,2018/AGIB00/17034,2018/AGIB00/I/18401/40000/0000/17034,Sí,561281.44
2018,AGIB00,I,2018/AGIB00/18401,,2018/AGIB00/40000,,2018/AGIB00/17035,2018/AGIB00/I/18401/40000/0000/17035,Sí,88126.48
2018,AGIB00,I,2018/AGIB00/18401,,2018/AGIB00/40000,,2018/AGIB00/17036,2018/AGIB00/I/18401/40000/0000/17036,Sí,5628.15
2018,AGIB00,I,2018/AGIB00/18401,,2018/AGIB00/40000,,2018/AGIB00/18034,2018/AGIB00/I/18401/40000/0000/18034,Sí,
2018,AGIB00,I,2018/AGIB00/18401,,2018/AGIB00/40000,,2018/AGIB00/18035,2018/AGIB00/I/18401/40000/0000/18035,Sí,
2018,AGIB00,I,2018/AGIB00/18501,,2018/AGIB00/30997,,2018/AGIB00/00000,2018/AGIB00/I/18501/30997/0000/00000,Sí,9180.8
2018,AGIB00,I,2018/AGIB00/19101,,2018/AGIB00/38000,,2018/AGIB00/00000,2018/AGIB00/I/19101/38000/0000/00000,Sí,9197.69
2018,AGIB00,I,2018/AGIB00/19101,,2018/AGIB00/38100,,2018/AGIB00/00000,2018/AGIB00/I/19101/38100/0000/00000,Sí,854.98
2018,AGIB00,I,2018/AGIB00/19101,,2018/AGIB00/68000,,2018/AGIB00/31108,2018/AGIB00/I/19101/68000/0000/31108,Sí,-3769.2
2018,AGIB00,I,2018/AGIB00/19101,,2018/AGIB00/87001,,2018/AGIB00/16064,2018/AGIB00/I/19101/87001/0000/16064,Sí,
2018,AGIB00,I,2018/AGIB00/19201,,2018/AGIB00/74101,,2018/AGIB00/17064,2018/AGIB00/I/19201/74101/0000/17064,Sí,2500000
2018,AGIB00,I,2018/AGIB00/19301,,2018/AGIB00/30001,,2018/AGIB00/00000,2018/AGIB00/I/19301/30001/0000/00000,Sí,250942.94
2018,AGIB00,I,2018/AGIB00/19301,,2018/AGIB00/30973,,2018/AGIB00/00000,2018/AGIB00/I/19301/30973/0000/00000,Sí,
2018,AGIB00,I,2018/AGIB00/19301,,2018/AGIB00/30974,,2018/AGIB00/00000,2018/AGIB00/I/19301/30974/0000/00000,Sí,55304.71
2018,AGIB00,I,2018/AGIB00/19301,,2018/AGIB00/39102,,2018/AGIB00/00000,2018/AGIB00/I/19301/39102/0000/00000,Sí,616255.25
2018,AGIB00,I,2018/AGIB00/19401,,2018/AGIB00/30971,,2018/AGIB00/00000,2018/AGIB00/I/19401/30971/0000/00000,Sí,693218.65
2018,AGIB00,I,2018/AGIB00/19401,,2018/AGIB00/30973,,2018/AGIB00/00000,2018/AGIB00/I/19401/30973/0000/00000,Sí,227.08
2018,AGIB00,I,2018/AGIB00/19401,,2018/AGIB00/39102,,2018/AGIB00/00000,2018/AGIB00/I/19401/39102/0000/00000,Sí,82380.55
2018,AGIB00,I,2018/AGIB00/19401,,2018/AGIB00/40100,,2018/AGIB00/00000,2018/AGIB00/I/19401/40100/0000/00000,Sí,65704.72
2018,AGIB00,I,2018/AGIB00/19401,,2018/AGIB00/74101,,2018/AGIB00/17064,2018/AGIB00/I/19401/74101/0000/17064,Sí,182139.74
2018,AGIB00,I,2018/AGIB00/19601,,2018/AGIB00/38000,,2018/AGIB00/15021,2018/AGIB00/I/19601/38000/0000/15021,Sí,5262.61
2018,AGIB00,I,2018/AGIB00/19601,,2018/AGIB00/38000,,2018/AGIB00/15024,2018/AGIB00/I/19601/38000/0000/15024,Sí,25721.5
2018,AGIB00,I,2018/AGIB00/19601,,2018/AGIB00/38000,,2018/AGIB00/16024,2018/AGIB00/I/19601/38000/0000/16024,Sí,15206.09
2018,AGIB00,I,2018/AGIB00/19601,,2018/AGIB00/38000,,2018/AGIB00/17024,2018/AGIB00/I/19601/38000/0000/17024,Sí,9334.13
2018,AGIB00,I,2018/AGIB00/19601,,2018/AGIB00/38000,,2018/AGIB00/19113,2018/AGIB00/I/19601/38000/0000/19113,Sí,31875.68
2018,AGIB00,I,2018/AGIB00/19601,,2018/AGIB00/39102,,2018/AGIB00/00000,2018/AGIB00/I/19601/39102/0000/00000,Sí,1348396.28
2018,AGIB00,I,2018/AGIB00/19601,,2018/AGIB00/40000,,2018/AGIB00/18024,2018/AGIB00/I/19601/40000/0000/18024,Sí,
2018,AGIB00,I,2018/AGIB00/19601,,2018/AGIB00/40101,,2018/AGIB00/18021,2018/AGIB00/I/19601/40101/0000/18021,Sí,
2018,AGIB00,I,2018/AGIB00/25101,,2018/AGIB00/30904,,2018/AGIB00/00000,2018/AGIB00/I/25101/30904/0000/00000,Sí,
2018,AGIB00,I,2018/AGIB00/25101,,2018/AGIB00/30999,,2018/AGIB00/00000,2018/AGIB00/I/25101/30999/0000/00000,Sí,
2018,AGIB00,I,2018/AGIB00/25101,,2018/AGIB00/38000,,2018/AGIB00/00000,2018/AGIB00/I/25101/38000/0000/00000,Sí,926156.46
2018,AGIB00,I,2018/AGIB00/25101,,2018/AGIB00/38100,,2018/AGIB00/00000,2018/AGIB00/I/25101/38100/0000/00000,Sí,30
2018,AGIB00,I,2018/AGIB00/25101,,2018/AGIB00/38101,,2018/AGIB00/00000,2018/AGIB00/I/25101/38101/0000/00000,Sí,9797.79
2018,AGIB00,I,2018/AGIB00/25101,,2018/AGIB00/39999,,2018/AGIB00/00000,2018/AGIB00/I/25101/39999/0000/00000,Sí,8937.5
2018,AGIB00,I,2018/AGIB00/25201,,2018/AGIB00/30310,,2018/AGIB00/00000,2018/AGIB00/I/25201/30310/0000/00000,Sí,3107.43
2018,AGIB00,I,2018/AGIB00/25201,,2018/AGIB00/30943,,2018/AGIB00/00000,2018/AGIB00/I/25201/30943/0000/00000,Sí,261951.63
2018,AGIB00,I,2018/AGIB00/25201,,2018/AGIB00/30944,,2018/AGIB00/00000,2018/AGIB00/I/25201/30944/0000/00000,Sí,72107.28
2018,AGIB00,I,2018/AGIB00/25201,,2018/AGIB00/39102,,2018/AGIB00/00000,2018/AGIB00/I/25201/39102/0000/00000,Sí,383874.84
2018,AGIB00,I,2018/AGIB00/25201,,2018/AGIB00/70000,,2018/AGIB00/15039,2018/AGIB00/I/25201/70000/0000/15039,Sí,
2018,AGIB00,I,2018/AGIB00/25301,,2018/AGIB00/30904,,2018/AGIB00/00000,2018/AGIB00/I/25301/30904/0000/00000,Sí,181.37
2018,AGIB00,I,2018/AGIB00/25301,,2018/AGIB00/30905,,2018/AGIB00/00000,2018/AGIB00/I/25301/30905/0000/00000,Sí,
2018,AGIB00,I,2018/AGIB00/25301,,2018/AGIB00/30910,,2018/AGIB00/00000,2018/AGIB00/I/25301/30910/0000/00000,Sí,3418.96
2018,AGIB00,I,2018/AGIB00/25301,,2018/AGIB00/30919,,2018/AGIB00/00000,2018/AGIB00/I/25301/30919/0000/00000,Sí,57888.61
2018,AGIB00,I,2018/AGIB00/25301,,2018/AGIB00/30999,,2018/AGIB00/00000,2018/AGIB00/I/25301/30999/0000/00000,Sí,552.61
2018,AGIB00,I,2018/AGIB00/25301,,2018/AGIB00/39102,,2018/AGIB00/00000,2018/AGIB00/I/25301/39102/0000/00000,Sí,10969.83
2018,AGIB00,I,2018/AGIB00/25401,,2018/AGIB00/30311,,2018/AGIB00/00000,2018/AGIB00/I/25401/30311/0000/00000,Sí,139203.01
2018,AGIB00,I,2018/AGIB00/25401,,2018/AGIB00/30947,,2018/AGIB00/00000,2018/AGIB00/I/25401/30947/0000/00000,Sí,160393.78
2018,AGIB00,I,2018/AGIB00/25401,,2018/AGIB00/30948,,2018/AGIB00/00000,2018/AGIB00/I/25401/30948/0000/00000,Sí,180.32
2018,AGIB00,I,2018/AGIB00/25401,,2018/AGIB00/39102,,2018/AGIB00/00000,2018/AGIB00/I/25401/39102/0000/00000,Sí,25459.79
2018,AGIB00,I,2018/AGIB00/25501,,2018/AGIB00/30946,,2018/AGIB00/00000,2018/AGIB00/I/25501/30946/0000/00000,Sí,11151.42
2018,AGIB00,I,2018/AGIB00/25501,,2018/AGIB00/70000,,2018/AGIB00/15030,2018/AGIB00/I/25501/70000/0000/15030,Sí,
2018,AGIB00,I,2018/AGIB00/25501,,2018/AGIB00/70000,,2018/AGIB00/18030,2018/AGIB00/I/25501/70000/0000/18030,Sí,
2018,AGIB00,I,2018/AGIB00/25501,,2018/AGIB00/79000,,2018/AGIB00/15041,2018/AGIB00/I/25501/79000/0000/15041,Sí,
2018,AGIB00,I,2018/AGIB00/25501,,2018/AGIB00/79600,,2018/AGIB00/15041,2018/AGIB00/I/25501/79600/0000/15041,Sí,
2018,AGIB00,I,2018/AGIB00/25501,,2018/AGIB00/87001,,2018/AGIB00/15030,2018/AGIB00/I/25501/87001/0000/15030,Sí,
2018,AGIB00,I,2018/AGIB00/25601,,2018/AGIB00/30904,,2018/AGIB00/00000,2018/AGIB00/I/25601/30904/0000/00000,Sí,
2018,AGIB00,I,2018/AGIB00/25601,,2018/AGIB00/30905,,2018/AGIB00/00000,2018/AGIB00/I/25601/30905/0000/00000,Sí,
2018,AGIB00,I,2018/AGIB00/25601,,2018/AGIB00/30907,,2018/AGIB00/00000,2018/AGIB00/I/25601/30907/0000/00000,Sí,1350.02
2018,AGIB00,I,2018/AGIB00/25601,,2018/AGIB00/30973,,2018/AGIB00/00000,2018/AGIB00/I/25601/30973/0000/00000,Sí,
2018,AGIB00,I,2018/AGIB00/25601,,2018/AGIB00/30999,,2018/AGIB00/00000,2018/AGIB00/I/25601/30999/0000/00000,Sí,
2018,AGIB00,I,2018/AGIB00/25601,,2018/AGIB00/33200,,2018/AGIB00/00000,2018/AGIB00/I/25601/33200/0000/00000,Sí,
2018,AGIB00,I,2018/AGIB00/25601,,2018/AGIB00/39102,,2018/AGIB00/00000,2018/AGIB00/I/25601/39102/0000/00000,Sí,
2018,AGIB00,I,2018/AGIB00/25601,,2018/AGIB00/87001,,2018/AGIB00/17077,2018/AGIB00/I/25601/87001/0000/17077,Sí,
2018,AGIB00,I,2018/AGIB00/26101,,2018/AGIB00/38000,,2018/AGIB00/00000,2018/AGIB00/I/26101/38000/0000/00000,Sí,6271.62
2018,AGIB00,I,2018/AGIB00/26101,,2018/AGIB00/38100,,2018/AGIB00/00000,2018/AGIB00/I/26101/38100/0000/00000,Sí,1245.62
2018,AGIB00,I,2018/AGIB00/26101,,2018/AGIB00/87001,,2018/AGIB00/16064,2018/AGIB00/I/26101/87001/0000/16064,Sí,
2018,AGIB00,I,2018/AGIB00/26101,,2018/AGIB00/87001,,2018/AGIB00/17082,2018/AGIB00/I/26101/87001/0000/17082,Sí,
2018,AGIB00,I,2018/AGIB00/26101,,2018/AGIB00/87001,,2018/AGIB00/31201,2018/AGIB00/I/26101/87001/0000/31201,Sí,
2018,AGIB00,I,2018/AGIB00/26203,,2018/AGIB00/33200,,2018/AGIB00/00000,2018/AGIB00/I/26203/33200/0000/00000,Sí,
2018,AGIB00,I,2018/AGIB00/26208,,2018/AGIB00/33200,,2018/AGIB00/00000,2018/AGIB00/I/26208/33200/0000/00000,Sí,372.81
2018,AGIB00,I,2018/AGIB00/26208,,2018/AGIB00/33900,,2018/AGIB00/00000,2018/AGIB00/I/26208/33900/0000/00000,Sí,551.66
2018,AGIB00,I,2018/AGIB00/26209,,2018/AGIB00/32920,,2018/AGIB00/00000,2018/AGIB00/I/26209/32920/0000/00000,Sí,5712.96
2018,AGIB00,I,2018/AGIB00/26209,,2018/AGIB00/33099,,2018/AGIB00/00000,2018/AGIB00/I/26209/33099/0000/00000,Sí,
2018,AGIB00,I,2018/AGIB00/26210,,2018/AGIB00/32920,,2018/AGIB00/00000,2018/AGIB00/I/26210/32920/0000/00000,Sí,
2018,AGIB00,I,2018/AGIB00/26210,,2018/AGIB00/33099,,2018/AGIB00/00000,2018/AGIB00/I/26210/33099/0000/00000,Sí,210.21
2018,AGIB00,I,2018/AGIB00/26211,,2018/AGIB00/32920,,2018/AGIB00/00000,2018/AGIB00/I/26211/32920/0000/00000,Sí,1263.6
2018,AGIB00,I,2018/AGIB00/26401,,2018/AGIB00/30304,,2018/AGIB00/00000,2018/AGIB00/I/26401/30304/0000/00000,Sí,121772.56
2018,AGIB00,I,2018/AGIB00/26501,,2018/AGIB00/30999,,2018/AGIB00/00000,2018/AGIB00/I/26501/30999/0000/00000,Sí,5725.93
2018,AGIB00,I,2018/AGIB00/26501,,2018/AGIB00/39102,,2018/AGIB00/00000,2018/AGIB00/I/26501/39102/0000/00000,Sí,
2018,AGIB00,I,2018/AGIB00/26502,,2018/AGIB00/32999,,2018/AGIB00/00000,2018/AGIB00/I/26502/32999/0000/00000,Sí,104404.89
2018,AGIB00,I,2018/AGIB00/26502,,2018/AGIB00/39999,,2018/AGIB00/00000,2018/AGIB00/I/26502/39999/0000/00000,Sí,120.25
2018,AGIB00,I,2018/AGIB00/26502,,2018/AGIB00/55900,,2018/AGIB00/00000,2018/AGIB00/I/26502/55900/0000/00000,Sí,14559.8
2018,AGIB00,I,2018/AGIB00/31101,,2018/AGIB00/10000,,2018/AGIB00/00000,2018/AGIB00/I/31101/10000/0000/00000,Sí,485374119.96
2018,AGIB00,I,2018/AGIB00/31101,,2018/AGIB00/11000,,2018/AGIB00/00000,2018/AGIB00/I/31101/11000/0000/00000,Sí,56863482.31
2018,AGIB00,I,2018/AGIB00/31101,,2018/AGIB00/11100,,2018/AGIB00/00000,2018/AGIB00/I/31101/11100/0000/00000,Sí,1176818.78
2018,AGIB00,I,2018/AGIB00/31101,,2018/AGIB00/11200,,2018/AGIB00/00000,2018/AGIB00/I/31101/11200/0000/00000,Sí,-333.85
2018,AGIB00,I,2018/AGIB00/31101,,2018/AGIB00/20000,,2018/AGIB00/00000,2018/AGIB00/I/31101/20000/0000/00000,Sí,232491474.27
2018,AGIB00,I,2018/AGIB00/31101,,2018/AGIB00/20001,,2018/AGIB00/00000,2018/AGIB00/I/31101/20001/0000/00000,Sí,1020.34
2018,AGIB00,I,2018/AGIB00/31101,,2018/AGIB00/20100,,2018/AGIB00/00000,2018/AGIB00/I/31101/20100/0000/00000,Sí,58903738.81
2018,AGIB00,I,2018/AGIB00/31101,,2018/AGIB00/20101,,2018/AGIB00/00000,2018/AGIB00/I/31101/20101/0000/00000,Sí,120920.68
2018,AGIB00,I,2018/AGIB00/31101,,2018/AGIB00/21000,,2018/AGIB00/00000,2018/AGIB00/I/31101/21000/0000/00000,Sí,600204714.96
2018,AGIB00,I,2018/AGIB00/31101,,2018/AGIB00/22001,,2018/AGIB00/00000,2018/AGIB00/I/31101/22001/0000/00000,Sí,2456565
2018,AGIB00,I,2018/AGIB00/31101,,2018/AGIB00/22003,,2018/AGIB00/00000,2018/AGIB00/I/31101/22003/0000/00000,Sí,7548675
2018,AGIB00,I,2018/AGIB00/31101,,2018/AGIB00/22004,,2018/AGIB00/00000,2018/AGIB00/I/31101/22004/0000/00000,Sí,85179999.96
2018,AGIB00,I,2018/AGIB00/31101,,2018/AGIB00/22005,,2018/AGIB00/00000,2018/AGIB00/I/31101/22005/0000/00000,Sí,95941989.96
2018,AGIB00,I,2018/AGIB00/31101,,2018/AGIB00/22006,,2018/AGIB00/00000,2018/AGIB00/I/31101/22006/0000/00000,Sí,8384817.53
2018,AGIB00,I,2018/AGIB00/31101,,2018/AGIB00/22007,,2018/AGIB00/00000,2018/AGIB00/I/31101/22007/0000/00000,Sí,228829.98
2018,AGIB00,I,2018/AGIB00/31101,,2018/AGIB00/22008,,2018/AGIB00/00000,2018/AGIB00/I/31101/22008/0000/00000,Sí,9431317.62
2018,AGIB00,I,2018/AGIB00/31101,,2018/AGIB00/22009,,2018/AGIB00/00000,2018/AGIB00/I/31101/22009/0000/00000,Sí,17445909.96
2018,AGIB00,I,2018/AGIB00/31101,,2018/AGIB00/28100,,2018/AGIB00/00000,2018/AGIB00/I/31101/28100/0000/00000,Sí,20809315.76
2018,AGIB00,I,2018/AGIB00/31101,,2018/AGIB00/28300,,2018/AGIB00/00000,2018/AGIB00/I/31101/28300/0000/00000,Sí,38341909.59
2018,AGIB00,I,2018/AGIB00/31101,,2018/AGIB00/30000,,2018/AGIB00/00000,2018/AGIB00/I/31101/30000/0000/00000,Sí,29013797.78
2018,AGIB00,I,2018/AGIB00/31101,,2018/AGIB00/38000,,2018/AGIB00/00000,2018/AGIB00/I/31101/38000/0000/00000,Sí,6.18
2018,AGIB00,I,2018/AGIB00/31101,,2018/AGIB00/38100,,2018/AGIB00/00000,2018/AGIB00/I/31101/38100/0000/00000,Sí,3489.49
2018,AGIB00,I,2018/AGIB00/31101,,2018/AGIB00/39100,,2018/AGIB00/00000,2018/AGIB00/I/31101/39100/0000/00000,Sí,507468.32
2018,AGIB00,I,2018/AGIB00/31101,,2018/AGIB00/39101,,2018/AGIB00/00000,2018/AGIB00/I/31101/39101/0000/00000,Sí,667271.72
2018,AGIB00,I,2018/AGIB00/31101,,2018/AGIB00/39901,,2018/AGIB00/00000,2018/AGIB00/I/31101/39901/0000/00000,Sí,-417481.81
2018,AGIB00,I,2018/AGIB00/31101,,2018/AGIB00/40001,,2018/AGIB00/00000,2018/AGIB00/I/31101/40001/0000/00000,Sí,-118412937.36
2018,AGIB00,I,2018/AGIB00/31101,,2018/AGIB00/40002,,2018/AGIB00/00000,2018/AGIB00/I/31101/40002/0000/00000,Sí,-319773204.96
2018,AGIB00,I,2018/AGIB00/31101,,2018/AGIB00/40003,,2018/AGIB00/00000,2018/AGIB00/I/31101/40003/0000/00000,Sí,
2018,AGIB00,I,2018/AGIB00/31101,,2018/AGIB00/40009,,2018/AGIB00/00000,2018/AGIB00/I/31101/40009/0000/00000,Sí,250000000
2018,AGIB00,I,2018/AGIB00/31101,,2018/AGIB00/49000,,2018/AGIB00/19112,2018/AGIB00/I/31101/49000/0000/19112,Sí,5158681.73
2018,AGIB00,I,2018/AGIB00/31101,,2018/AGIB00/49000,,2018/AGIB00/19113,2018/AGIB00/I/31101/49000/0000/19113,Sí,
2018,AGIB00,I,2018/AGIB00/31101,,2018/AGIB00/49000,,2018/AGIB00/19114,2018/AGIB00/I/31101/49000/0000/19114,Sí,10874451.73
2018,AGIB00,I,2018/AGIB00/31101,,2018/AGIB00/52099,,2018/AGIB00/00000,2018/AGIB00/I/31101/52099/0000/00000,Sí,100840.06
2018,AGIB00,I,2018/AGIB00/31101,,2018/AGIB00/59900,,2018/AGIB00/00000,2018/AGIB00/I/31101/59900/0000/00000,Sí,53385.05
2018,AGIB00,I,2018/AGIB00/31101,,2018/AGIB00/70000,,2018/AGIB00/15065,2018/AGIB00/I/31101/70000/0000/15065,Sí,
2018,AGIB00,I,2018/AGIB00/31101,,2018/AGIB00/70000,,2018/AGIB00/31201,2018/AGIB00/I/31101/70000/0000/31201,Sí,-42627357.14
2018,AGIB00,I,2018/AGIB00/31101,,2018/AGIB00/74101,,2018/AGIB00/17064,2018/AGIB00/I/31101/74101/0000/17064,Sí,4746616.21
2018,AGIB00,I,2018/AGIB00/31101,,2018/AGIB00/79000,,2018/AGIB00/31108,2018/AGIB00/I/31101/79000/0000/31108,Sí,
2018,AGIB00,I,2018/AGIB00/31101,,2018/AGIB00/79000,,2018/AGIB00/31110,2018/AGIB00/I/31101/79000/0000/31110,Sí,811890.45
2018,AGIB00,I,2018/AGIB00/33101,,2018/AGIB00/87001,,2018/AGIB00/31201,2018/AGIB00/I/33101/87001/0000/31201,Sí,
2018,AGIB00,I,2018/AGIB00/34101,,2018/AGIB00/51400,,2018/AGIB00/00000,2018/AGIB00/I/34101/51400/0000/00000,Sí,600268.57
2018,AGIB00,I,2018/AGIB00/34101,,2018/AGIB00/82007,,2018/AGIB00/00000,2018/AGIB00/I/34101/82007/0000/00000,Sí,4210470
2018,AGIB00,I,2018/AGIB00/34101,,2018/AGIB00/82104,,2018/AGIB00/00000,2018/AGIB00/I/34101/82104/0000/00000,Sí,20748143.82
2018,AGIB00,I,2018/AGIB00/34101,,2018/AGIB00/91100,,2018/AGIB00/00000,2018/AGIB00/I/34101/91100/0000/00000,Sí,568515033.51
2018,AGIB00,I,2018/AGIB00/34101,,2018/AGIB00/91300,,2018/AGIB00/00000,2018/AGIB00/I/34101/91300/0000/00000,Sí,12679210.52
2018,AGIB00,I,2018/AGIB00/73101,,2018/AGIB00/40000,,2018/AGIB00/18028,2018/AGIB00/I/73101/40000/0000/18028,Sí,
2018,AGIB00,I,2018/AGIB00/73101,,2018/AGIB00/70000,,2018/AGIB00/18029,2018/AGIB00/I/73101/70000/0000/18029,Sí,
2018,AGIB00,I,2018/AGIB00/76101,,2018/AGIB00/30992,,2018/AGIB00/00000,2018/AGIB00/I/76101/30992/0000/00000,Sí,8726.48
2018,AGIB00,I,2018/AGIB00/76101,,2018/AGIB00/38000,,2018/AGIB00/00000,2018/AGIB00/I/76101/38000/0000/00000,Sí,3423849.04
2018,AGIB00,I,2018/AGIB00/76101,,2018/AGIB00/38101,,2018/AGIB00/00000,2018/AGIB00/I/76101/38101/0000/00000,Sí,1455.96
2018,AGIB00,I,2018/AGIB00/76101,,2018/AGIB00/40101,,2018/AGIB00/18020,2018/AGIB00/I/76101/40101/0000/18020,Sí,
2018,AGIB00,I,2018/AGIB00/76101,,2018/AGIB00/40101,,2018/AGIB00/18021,2018/AGIB00/I/76101/40101/0000/18021,Sí,
2018,AGIB00,I,2018/AGIB00/76101,,2018/AGIB00/40101,,2018/AGIB00/18022,2018/AGIB00/I/76101/40101/0000/18022,Sí,
2018,AGIB00,I,2018/AGIB00/76101,,2018/AGIB00/40101,,2018/AGIB00/18023,2018/AGIB00/I/76101/40101/0000/18023,Sí,
2018,AGIB00,I,2018/AGIB00/76101,,2018/AGIB00/87001,,2018/AGIB00/17020,2018/AGIB00/I/76101/87001/0000/17020,Sí,
2018,AGIB00,I,2018/AGIB00/76101,,2018/AGIB00/87001,,2018/AGIB00/17021,2018/AGIB00/I/76101/87001/0000/17021,Sí,
2018,AGIB00,I,2018/AGIB00/76101,,2018/AGIB00/87001,,2018/AGIB00/17022,2018/AGIB00/I/76101/87001/0000/17022,Sí,
2018,AGIB00,I,2018/AGIB00/76101,,2018/AGIB00/87001,,2018/AGIB00/17023,2018/AGIB00/I/76101/87001/0000/17023,Sí,
2018,AGIB00,I,2018/AGIB00/76101,,2018/AGIB00/87001,,2018/AGIB00/17086,2018/AGIB00/I/76101/87001/0000/17086,Sí,
2018,AGIB00,I,2018/AGIB00/76101,,2018/AGIB00/87002,,2018/AGIB00/19113,2018/AGIB00/I/76101/87002/0000/19113,Sí,
2018,AGIB00,I,2018/AGIB00/78101,,2018/AGIB00/30307,,2018/AGIB00/00000,2018/AGIB00/I/78101/30307/0000/00000,Sí,52373.82
2018,AGIB00,I,2018/AGIB00/78101,,2018/AGIB00/30308,,2018/AGIB00/00000,2018/AGIB00/I/78101/30308/0000/00000,Sí,1289.55
2018,AGIB00,I,2018/AGIB00/78101,,2018/AGIB00/38000,,2018/AGIB00/00000,2018/AGIB00/I/78101/38000/0000/00000,Sí,13.5
2018,AGIB00,I,2018/AGIB00/78101,,2018/AGIB00/40100,,2018/AGIB00/18007,2018/AGIB00/I/78101/40100/0000/18007,Sí,260305
2018,AGIB00,I,2018/AGIB00/78101,,2018/AGIB00/40100,,2018/AGIB00/18008,2018/AGIB00/I/78101/40100/0000/18008,Sí,124280
2018,AGIB00,I,2018/AGIB00/78101,,2018/AGIB00/87001,,2018/AGIB00/17007,2018/AGIB00/I/78101/87001/0000/17007,Sí,
2018,AGIB00,I,2018/AGIB00/78101,,2018/AGIB00/87001,,2018/AGIB00/17008,2018/AGIB00/I/78101/87001/0000/17008,Sí,
2018,ATIB00,I,2018/ATIB00/50001,,2018/ATIB00/33901,,2018/ATIB00/00000,2018/ATIB00/I/50001/33901/0000/00000,Sí,5129.03
2018,ATIB00,I,2018/ATIB00/50001,,2018/ATIB00/38100,,2018/ATIB00/00000,2018/ATIB00/I/50001/38100/0000/00000,Sí,1355.51
2018,ATIB00,I,2018/ATIB00/50001,,2018/ATIB00/45000,,2018/ATIB00/00000,2018/ATIB00/I/50001/45000/0000/00000,No,714056.66
2018,ATIB00,I,2018/ATIB00/50001,,2018/ATIB00/52099,,2018/ATIB00/00000,2018/ATIB00/I/50001/52099/0000/00000,Sí,0.05
2018,ATIB00,I,2018/ATIB00/50001,,2018/ATIB00/75000,,2018/ATIB00/00000,2018/ATIB00/I/50001/75000/0000/00000,No,14166.66
2018,SSIB00,I,2018/SSIB00/60001,,2018/SSIB00/30307,,2018/SSIB00/00000,2018/SSIB00/I/60001/30307/0000/00000,Sí,312005.84
2018,SSIB00,I,2018/SSIB00/60001,,2018/SSIB00/31903,,2018/SSIB00/00000,2018/SSIB00/I/60001/31903/0000/00000,Sí,3805
2018,SSIB00,I,2018/SSIB00/60001,,2018/SSIB00/31917,,2018/SSIB00/00000,2018/SSIB00/I/60001/31917/0000/00000,Sí,6000
2018,SSIB00,I,2018/SSIB00/60001,,2018/SSIB00/31918,,2018/SSIB00/00000,2018/SSIB00/I/60001/31918/0000/00000,Sí,57008.68
2018,SSIB00,I,2018/SSIB00/60001,,2018/SSIB00/32700,,2018/SSIB00/00000,2018/SSIB00/I/60001/32700/0000/00000,Sí,103.85
2018,SSIB00,I,2018/SSIB00/60001,,2018/SSIB00/38000,,2018/SSIB00/00000,2018/SSIB00/I/60001/38000/0000/00000,Sí,51895.6
2018,SSIB00,I,2018/SSIB00/60001,,2018/SSIB00/38101,,2018/SSIB00/00000,2018/SSIB00/I/60001/38101/0000/00000,Sí,11775.28
2018,SSIB00,I,2018/SSIB00/60001,,2018/SSIB00/39100,,2018/SSIB00/00000,2018/SSIB00/I/60001/39100/0000/00000,Sí,424820.03
2018,SSIB00,I,2018/SSIB00/60001,,2018/SSIB00/39101,,2018/SSIB00/00000,2018/SSIB00/I/60001/39101/0000/00000,Sí,54522.19
2018,SSIB00,I,2018/SSIB00/60001,,2018/SSIB00/39996,,2018/SSIB00/00000,2018/SSIB00/I/60001/39996/0000/00000,Sí,16719.47
2018,SSIB00,I,2018/SSIB00/60001,,2018/SSIB00/39998,,2018/SSIB00/00000,2018/SSIB00/I/60001/39998/0000/00000,Sí,60.62
2018,SSIB00,I,2018/SSIB00/60001,,2018/SSIB00/39999,,2018/SSIB00/00000,2018/SSIB00/I/60001/39999/0000/00000,Sí,1470945.58
2018,SSIB00,I,2018/SSIB00/60001,,2018/SSIB00/40100,,2018/SSIB00/17080,2018/SSIB00/I/60001/40100/0000/17080,Sí,36478.09
2018,SSIB00,I,2018/SSIB00/60001,,2018/SSIB00/44400,,2018/SSIB00/00000,2018/SSIB00/I/60001/44400/0000/00000,Sí,18000
2018,SSIB00,I,2018/SSIB00/60001,,2018/SSIB00/45000,,2018/SSIB00/00000,2018/SSIB00/I/60001/45000/0000/00000,No,1456117420
2018,SSIB00,I,2018/SSIB00/60001,,2018/SSIB00/45000,,2018/SSIB00/18034,2018/SSIB00/I/60001/45000/0000/18034,No,
2018,SSIB00,I,2018/SSIB00/60001,,2018/SSIB00/45000,,2018/SSIB00/18035,2018/SSIB00/I/60001/45000/0000/18035,No,
2018,SSIB00,I,2018/SSIB00/60001,,2018/SSIB00/45000,,2018/SSIB00/18036,2018/SSIB00/I/60001/45000/0000/18036,No,
2018,SSIB00,I,2018/SSIB00/60001,,2018/SSIB00/45000,,2018/SSIB00/18071,2018/SSIB00/I/60001/45000/0000/18071,No,
2018,SSIB00,I,2018/SSIB00/60001,,2018/SSIB00/45000,,2018/SSIB00/18072,2018/SSIB00/I/60001/45000/0000/18072,No,
2018,SSIB00,I,2018/SSIB00/60001,,2018/SSIB00/45001,,2018/SSIB00/00000,2018/SSIB00/I/60001/45001/0000/00000,No,
2018,SSIB00,I,2018/SSIB00/60001,,2018/SSIB00/45002,,2018/SSIB00/00000,2018/SSIB00/I/60001/45002/0000/00000,No,
2018,SSIB00,I,2018/SSIB00/60001,,2018/SSIB00/47000,,2018/SSIB00/18081,2018/SSIB00/I/60001/47000/0000/18081,Sí,
2018,SSIB00,I,2018/SSIB00/60001,,2018/SSIB00/52099,,2018/SSIB00/00000,2018/SSIB00/I/60001/52099/0000/00000,Sí,1941.45
2018,SSIB00,I,2018/SSIB00/60001,,2018/SSIB00/75000,,2018/SSIB00/00000,2018/SSIB00/I/60001/75000/0000/00000,No,34855960
2018,SSIB00,I,2018/SSIB00/60001,,2018/SSIB00/78000,,2018/SSIB00/18081,2018/SSIB00/I/60001/78000/0000/18081,Sí,6283415.6
2018,SSIB00,I,2018/SSIB00/60001,,2018/SSIB00/87001,,2018/SSIB00/17071,2018/SSIB00/I/60001/87001/0000/17071,Sí,
2018,SSIB00,I,2018/SSIB00/60001,,2018/SSIB00/87001,,2018/SSIB00/17072,2018/SSIB00/I/60001/87001/0000/17072,Sí,
2018,SSIB00,I,2018/SSIB00/60101,,2018/SSIB00/31901,,2018/SSIB00/00000,2018/SSIB00/I/60101/31901/0000/00000,Sí,1245866.91
2018,SSIB00,I,2018/SSIB00/60101,,2018/SSIB00/31902,,2018/SSIB00/00000,2018/SSIB00/I/60101/31902/0000/00000,Sí,935147.23
2018,SSIB00,I,2018/SSIB00/60101,,2018/SSIB00/31903,,2018/SSIB00/00000,2018/SSIB00/I/60101/31903/0000/00000,Sí,596563.25
2018,SSIB00,I,2018/SSIB00/60101,,2018/SSIB00/31904,,2018/SSIB00/00000,2018/SSIB00/I/60101/31904/0000/00000,Sí,340426
2018,SSIB00,I,2018/SSIB00/60101,,2018/SSIB00/31908,,2018/SSIB00/00000,2018/SSIB00/I/60101/31908/0000/00000,Sí,15149
2018,SSIB00,I,2018/SSIB00/60101,,2018/SSIB00/31910,,2018/SSIB00/00000,2018/SSIB00/I/60101/31910/0000/00000,Sí,99458.7
2018,SSIB00,I,2018/SSIB00/60101,,2018/SSIB00/31917,,2018/SSIB00/00000,2018/SSIB00/I/60101/31917/0000/00000,Sí,887531.64
2018,SSIB00,I,2018/SSIB00/60101,,2018/SSIB00/33300,,2018/SSIB00/00000,2018/SSIB00/I/60101/33300/0000/00000,Sí,18261.86
2018,SSIB00,I,2018/SSIB00/60101,,2018/SSIB00/38000,,2018/SSIB00/00000,2018/SSIB00/I/60101/38000/0000/00000,Sí,-12822.14
2018,SSIB00,I,2018/SSIB00/60101,,2018/SSIB00/38100,,2018/SSIB00/00000,2018/SSIB00/I/60101/38100/0000/00000,Sí,
2018,SSIB00,I,2018/SSIB00/60101,,2018/SSIB00/39996,,2018/SSIB00/00000,2018/SSIB00/I/60101/39996/0000/00000,Sí,3180.6
2018,SSIB00,I,2018/SSIB00/60101,,2018/SSIB00/39999,,2018/SSIB00/00000,2018/SSIB00/I/60101/39999/0000/00000,Sí,12922.11
2018,SSIB00,I,2018/SSIB00/60201,,2018/SSIB00/31901,,2018/SSIB00/00000,2018/SSIB00/I/60201/31901/0000/00000,Sí,106094.46
2018,SSIB00,I,2018/SSIB00/60201,,2018/SSIB00/31902,,2018/SSIB00/00000,2018/SSIB00/I/60201/31902/0000/00000,Sí,93208.01
2018,SSIB00,I,2018/SSIB00/60201,,2018/SSIB00/31903,,2018/SSIB00/00000,2018/SSIB00/I/60201/31903/0000/00000,Sí,72689.82
2018,SSIB00,I,2018/SSIB00/60201,,2018/SSIB00/31904,,2018/SSIB00/00000,2018/SSIB00/I/60201/31904/0000/00000,Sí,37003
2018,SSIB00,I,2018/SSIB00/60201,,2018/SSIB00/31908,,2018/SSIB00/00000,2018/SSIB00/I/60201/31908/0000/00000,Sí,6815.84
2018,SSIB00,I,2018/SSIB00/60201,,2018/SSIB00/31910,,2018/SSIB00/00000,2018/SSIB00/I/60201/31910/0000/00000,Sí,
2018,SSIB00,I,2018/SSIB00/60201,,2018/SSIB00/31917,,2018/SSIB00/00000,2018/SSIB00/I/60201/31917/0000/00000,Sí,49766.9
2018,SSIB00,I,2018/SSIB00/60201,,2018/SSIB00/33300,,2018/SSIB00/00000,2018/SSIB00/I/60201/33300/0000/00000,Sí,
2018,SSIB00,I,2018/SSIB00/60201,,2018/SSIB00/38100,,2018/SSIB00/00000,2018/SSIB00/I/60201/38100/0000/00000,Sí,1227.27
2018,SSIB00,I,2018/SSIB00/60201,,2018/SSIB00/38101,,2018/SSIB00/00000,2018/SSIB00/I/60201/38101/0000/00000,Sí,929.23
2018,SSIB00,I,2018/SSIB00/60201,,2018/SSIB00/39996,,2018/SSIB00/00000,2018/SSIB00/I/60201/39996/0000/00000,Sí,500
2018,SSIB00,I,2018/SSIB00/60201,,2018/SSIB00/39999,,2018/SSIB00/00000,2018/SSIB00/I/60201/39999/0000/00000,Sí,
2018,SSIB00,I,2018/SSIB00/60201,,2018/SSIB00/55001,,2018/SSIB00/00000,2018/SSIB00/I/60201/55001/0000/00000,Sí,17204.68
2018,SSIB00,I,2018/SSIB00/60301,,2018/SSIB00/31901,,2018/SSIB00/00000,2018/SSIB00/I/60301/31901/0000/00000,Sí,60243.52
2018,SSIB00,I,2018/SSIB00/60301,,2018/SSIB00/31902,,2018/SSIB00/00000,2018/SSIB00/I/60301/31902/0000/00000,Sí,492400.56
2018,SSIB00,I,2018/SSIB00/60301,,2018/SSIB00/31903,,2018/SSIB00/00000,2018/SSIB00/I/60301/31903/0000/00000,Sí,283577.2
2018,SSIB00,I,2018/SSIB00/60301,,2018/SSIB00/31904,,2018/SSIB00/00000,2018/SSIB00/I/60301/31904/0000/00000,Sí,32450
2018,SSIB00,I,2018/SSIB00/60301,,2018/SSIB00/31908,,2018/SSIB00/00000,2018/SSIB00/I/60301/31908/0000/00000,Sí,32773.01
2018,SSIB00,I,2018/SSIB00/60301,,2018/SSIB00/31910,,2018/SSIB00/00000,2018/SSIB00/I/60301/31910/0000/00000,Sí,16169
2018,SSIB00,I,2018/SSIB00/60301,,2018/SSIB00/31917,,2018/SSIB00/00000,2018/SSIB00/I/60301/31917/0000/00000,Sí,247200.88
2018,SSIB00,I,2018/SSIB00/60301,,2018/SSIB00/38000,,2018/SSIB00/00000,2018/SSIB00/I/60301/38000/0000/00000,Sí,10740.99
2018,SSIB00,I,2018/SSIB00/60301,,2018/SSIB00/38101,,2018/SSIB00/00000,2018/SSIB00/I/60301/38101/0000/00000,Sí,4439.27
2018,SSIB00,I,2018/SSIB00/60301,,2018/SSIB00/39996,,2018/SSIB00/00000,2018/SSIB00/I/60301/39996/0000/00000,Sí,181.53
2018,SSIB00,I,2018/SSIB00/60301,,2018/SSIB00/39999,,2018/SSIB00/00000,2018/SSIB00/I/60301/39999/0000/00000,Sí,
2018,SSIB00,I,2018/SSIB00/60301,,2018/SSIB00/55001,,2018/SSIB00/00000,2018/SSIB00/I/60301/55001/0000/00000,Sí,4869.97
2018,SSIB00,I,2018/SSIB00/60401,,2018/SSIB00/31901,,2018/SSIB00/00000,2018/SSIB00/I/60401/31901/0000/00000,Sí,5933
2018,SSIB00,I,2018/SSIB00/60401,,2018/SSIB00/31902,,2018/SSIB00/00000,2018/SSIB00/I/60401/31902/0000/00000,Sí,92738.02
2018,SSIB00,I,2018/SSIB00/60401,,2018/SSIB00/31903,,2018/SSIB00/00000,2018/SSIB00/I/60401/31903/0000/00000,Sí,109761
2018,SSIB00,I,2018/SSIB00/60401,,2018/SSIB00/31904,,2018/SSIB00/00000,2018/SSIB00/I/60401/31904/0000/00000,Sí,20465
2018,SSIB00,,2018/SSIB00/60401,,2018/SSIB00/31908,,2018/SSIB00/00000,2018/SSIB00/I/60401/31908/0000/00000,Sí,609
2018,SSIB00,,2018/SSIB00/60401,,2018/SSIB00/31910,,2018/SSIB00/00000,2018/SSIB00/I/60401/31910/0000/00000,Sí,
2018,SSIB00,,2018/SSIB00/60401,,2018/SSIB00/31917,,2018/SSIB00/00000,2018/SSIB00/I/60401/31917/0000/00000,Sí,8540.5
2018,SSIB00,,2018/SSIB00/60401,,2018/SSIB00/32704,,2018/SSIB00/00000,2018/SSIB00/I/60401/32704/0000/00000,Sí,202390.49
2018,SSIB00,,2018/SSIB00/60401,,2018/SSIB00/38000,,2018/SSIB00/00000,2018/SSIB00/I/60401/38000/0000/00000,Sí,69106.27
2018,SSIB00,,2018/SSIB00/60401,,2018/SSIB00/38101,,2018/SSIB00/00000,2018/SSIB00/I/60401/38101/0000/00000,Sí,811.42
2018,SSIB00,,2018/SSIB00/60401,,2018/SSIB00/39999,,2018/SSIB00/00000,2018/SSIB00/I/60401/39999/0000/00000,Sí,495.87
2018,SSIB00,,2018/SSIB00/60501,,2018/SSIB00/31901,,2018/SSIB00/00000,2018/SSIB00/I/60501/31901/0000/00000,Sí,15298
2018,SSIB00,,2018/SSIB00/60501,,2018/SSIB00/31902,,2018/SSIB00/00000,2018/SSIB00/I/60501/31902/0000/00000,Sí,100660.18
2018,SSIB00,,2018/SSIB00/60501,,2018/SSIB00/31903,,2018/SSIB00/00000,2018/SSIB00/I/60501/31903/0000/00000,Sí,21319
2018,SSIB00,,2018/SSIB00/60501,,2018/SSIB00/31904,,2018/SSIB00/00000,2018/SSIB00/I/60501/31904/0000/00000,Sí,724
2018,SSIB00,,2018/SSIB00/60501,,2018/SSIB00/31908,,2018/SSIB00/00000,2018/SSIB00/I/60501/31908/0000/00000,Sí,11832
2018,SSIB00,,2018/SSIB00/60501,,2018/SSIB00/39999,,2018/SSIB00/00000,2018/SSIB00/I/60501/39999/0000/00000,Sí,
2018,SSIB00,,2018/SSIB00/60601,,2018/SSIB00/31901,,2018/SSIB00/00000,2018/SSIB00/I/60601/31901/0000/00000,Sí,99274.52
2018,SSIB00,,2018/SSIB00/60601,,2018/SSIB00/31902,,2018/SSIB00/00000,2018/SSIB00/I/60601/31902/0000/00000,Sí,166801.71
2018,SSIB00,,2018/SSIB00/60601,,2018/SSIB00/31903,,2018/SSIB00/00000,2018/SSIB00/I/60601/31903/0000/00000,Sí,98667.75
2018,SSIB00,,2018/SSIB00/60601,,2018/SSIB00/31904,,2018/SSIB00/00000,2018/SSIB00/I/60601/31904/0000/00000,Sí,43967
2018,SSIB00,,2018/SSIB00/60601,,2018/SSIB00/31908,,2018/SSIB00/00000,2018/SSIB00/I/60601/31908/0000/00000,Sí,31039.05
2018,SSIB00,,2018/SSIB00/60601,,2018/SSIB00/31917,,2018/SSIB00/00000,2018/SSIB00/I/60601/31917/0000/00000,Sí,115445.29
2018,SSIB00,,2018/SSIB00/60601,,2018/SSIB00/38100,,2018/SSIB00/00000,2018/SSIB00/I/60601/38100/0000/00000,Sí,33448.72
2018,SSIB00,,2018/SSIB00/60601,,2018/SSIB00/39996,,2018/SSIB00/00000,2018/SSIB00/I/60601/39996/0000/00000,Sí,1972.87
2018,SSIB00,,2018/SSIB00/60601,,2018/SSIB00/39999,,2018/SSIB00/00000,2018/SSIB00/I/60601/39999/0000/00000,Sí,772.69
2018,SSIB00,,2018/SSIB00/60601,,2018/SSIB00/55001,,2018/SSIB00/00000,2018/SSIB00/I/60601/55001/0000/00000,Sí,30847.34
2018,SSIB00,,2018/SSIB00/60701,,2018/SSIB00/31901,,2018/SSIB00/00000,2018/SSIB00/I/60701/31901/0000/00000,Sí,10503
2018,SSIB00,,2018/SSIB00/60701,,2018/SSIB00/31902,,2018/SSIB00/00000,2018/SSIB00/I/60701/31902/0000/00000,Sí,137661.41
2018,SSIB00,,2018/SSIB00/60701,,2018/SSIB00/31903,,2018/SSIB00/00000,2018/SSIB00/I/60701/31903/0000/00000,Sí,117679.2
2018,SSIB00,,2018/SSIB00/60701,,2018/SSIB00/31904,,2018/SSIB00/00000,2018/SSIB00/I/60701/31904/0000/00000,Sí,130343.69
2018,SSIB00,,2018/SSIB00/60701,,2018/SSIB00/31908,,2018/SSIB00/00000,2018/SSIB00/I/60701/31908/0000/00000,Sí,4192
2018,SSIB00,,2018/SSIB00/60701,,2018/SSIB00/38000,,2018/SSIB00/00000,2018/SSIB00/I/60701/38000/0000/00000,Sí,235.09
2018,SSIB00,,2018/SSIB00/60701,,2018/SSIB00/38100,,2018/SSIB00/00000,2018/SSIB00/I/60701/38100/0000/00000,Sí,1739.11
2018,SSIB00,,2018/SSIB00/60701,,2018/SSIB00/38101,,2018/SSIB00/00000,2018/SSIB00/I/60701/38101/0000/00000,Sí,1500.12
2018,SSIB00,,2018/SSIB00/60701,,2018/SSIB00/39996,,2018/SSIB00/00000,2018/SSIB00/I/60701/39996/0000/00000,Sí,135.09
2018,SSIB00,,2018/SSIB00/60701,,2018/SSIB00/39999,,2018/SSIB00/00000,2018/SSIB00/I/60701/39999/0000/00000,Sí,1.19
2018,SSIB00,,2018/SSIB00/60701,,2018/SSIB00/55000,,2018/SSIB00/00000,2018/SSIB00/I/60701/55000/0000/00000,Sí,63320.76
2018,SSIB00,,2018/SSIB00/60701,,2018/SSIB00/55001,,2018/SSIB00/00000,2018/SSIB00/I/60701/55001/0000/00000,Sí,5395.85
2018,SSIB00,,2018/SSIB00/60801,,2018/SSIB00/31901,,2018/SSIB00/00000,2018/SSIB00/I/60801/31901/0000/00000,Sí,57620.7
2018,SSIB00,,2018/SSIB00/60801,,2018/SSIB00/31902,,2018/SSIB00/00000,2018/SSIB00/I/60801/31902/0000/00000,Sí,54258.35
2018,SSIB00,,2018/SSIB00/60801,,2018/SSIB00/31903,,2018/SSIB00/00000,2018/SSIB00/I/60801/31903/0000/00000,Sí,64105
2018,SSIB00,,2018/SSIB00/60801,,2018/SSIB00/31904,,2018/SSIB00/00000,2018/SSIB00/I/60801/31904/0000/00000,Sí,159154.25
2018,SSIB00,,2018/SSIB00/60801,,2018/SSIB00/31908,,2018/SSIB00/00000,2018/SSIB00/I/60801/31908/0000/00000,Sí,16127.13
2018,SSIB00,,2018/SSIB00/60801,,2018/SSIB00/33300,,2018/SSIB00/00000,2018/SSIB00/I/60801/33300/0000/00000,Sí,3800
2018,SSIB00,,2018/SSIB00/60801,,2018/SSIB00/38100,,2018/SSIB00/00000,2018/SSIB00/I/60801/38100/0000/00000,Sí,2398.4
2018,SSIB00,,2018/SSIB00/60801,,2018/SSIB00/38101,,2018/SSIB00/00000,2018/SSIB00/I/60801/38101/0000/00000,Sí,3714.89
2018,SSIB00,,2018/SSIB00/60801,,2018/SSIB00/39996,,2018/SSIB00/00000,2018/SSIB00/I/60801/39996/0000/00000,Sí,101.73
2018,SSIB00,,2018/SSIB00/60801,,2018/SSIB00/39999,,2018/SSIB00/00000,2018/SSIB00/I/60801/39999/0000/00000,Sí,734
2018,SSIB00,,2018/SSIB00/60801,,2018/SSIB00/55001,,2018/SSIB00/00000,2018/SSIB00/I/60801/55001/0000/00000,Sí,35679.94
2018,SSIB00,,2018/SSIB00/60901,,2018/SSIB00/31901,,2018/SSIB00/00000,2018/SSIB00/I/60901/31901/0000/00000,Sí,384477.41
2018,SSIB00,,2018/SSIB00/60901,,2018/SSIB00/31902,,2018/SSIB00/00000,2018/SSIB00/I/60901/31902/0000/00000,Sí,135716
2018,SSIB00,,2018/SSIB00/60901,,2018/SSIB00/31903,,2018/SSIB00/00000,2018/SSIB00/I/60901/31903/0000/00000,Sí,73997.69
2018,SSIB00,,2018/SSIB00/60901,,2018/SSIB00/31904,,2018/SSIB00/00000,2018/SSIB00/I/60901/31904/0000/00000,Sí,242948
2018,SSIB00,,2018/SSIB00/60901,,2018/SSIB00/31908,,2018/SSIB00/00000,2018/SSIB00/I/60901/31908/0000/00000,Sí,9075
2018,SSIB00,,2018/SSIB00/60901,,2018/SSIB00/31910,,2018/SSIB00/00000,2018/SSIB00/I/60901/31910/0000/00000,Sí,8983
2018,SSIB00,,2018/SSIB00/60901,,2018/SSIB00/39999,,2018/SSIB00/00000,2018/SSIB00/I/60901/39999/0000/00000,Sí,
2018,SSIB00,,2018/SSIB00/60901,,2018/SSIB00/55001,,2018/SSIB00/00000,2018/SSIB00/I/60901/55001/0000/00000,Sí,818.18
,,,,,,,,,,3686147994.33
